[{"model": "admin.logentry", "pk": 1, "fields": {"action_time": "2025-08-25T12:30:55.705Z", "user": 1, "content_type": 11, "object_id": "1", "object_repr": "Admin", "action_flag": 1, "change_message": "[{\"added\": {}}]"}}, {"model": "admin.logentry", "pk": 2, "fields": {"action_time": "2025-08-25T12:31:00.014Z", "user": 1, "content_type": 11, "object_id": "2", "object_repr": "Merchant", "action_flag": 1, "change_message": "[{\"added\": {}}]"}}, {"model": "admin.logentry", "pk": 3, "fields": {"action_time": "2025-08-25T12:31:02.608Z", "user": 1, "content_type": 12, "object_id": "1", "object_repr": "admin", "action_flag": 2, "change_message": "[{\"changed\": {\"fields\": [\"First name\", \"Last name\", \"Phone number\", \"Status\", \"Role\"]}}]"}}, {"model": "admin.logentry", "pk": 4, "fields": {"action_time": "2025-08-25T12:56:46.399Z", "user": 1, "content_type": 12, "object_id": "2", "object_repr": "sadmin", "action_flag": 1, "change_message": "[{\"added\": {}}]"}}, {"model": "admin.logentry", "pk": 5, "fields": {"action_time": "2025-08-25T12:57:29.460Z", "user": 1, "content_type": 12, "object_id": "1", "object_repr": "admin", "action_flag": 2, "change_message": "[{\"changed\": {\"fields\": [\"Role\"]}}]"}}, {"model": "admin.logentry", "pk": 6, "fields": {"action_time": "2025-08-25T13:33:13.973Z", "user": 1, "content_type": 19, "object_id": "1", "object_repr": "Invoice#8e6b6e8b625a46d28cb1c29bfe4246a8", "action_flag": 1, "change_message": "[{\"added\": {}}]"}}, {"model": "admin.logentry", "pk": 7, "fields": {"action_time": "2025-08-26T05:26:01.515Z", "user": 1, "content_type": 11, "object_id": "3", "object_repr": "Staff", "action_flag": 1, "change_message": "[{\"added\": {}}]"}}, {"model": "admin.logentry", "pk": 8, "fields": {"action_time": "2025-08-26T05:27:11.460Z", "user": 1, "content_type": 8, "object_id": "1", "object_repr": "bkash - b8b313b3fcab4ac5bd68eb61746171a9 | {'product_name': 'TokenizedCheckout', 'app_key': '9APKg7pz0SvGWIh5LC6utTwvtc', 'app_secret': 'FeW60HAkOEx1y2ucJCY8xDNo3rT2UvTGsEGUBKqqrnH0K0EfWWx8', 'usernam", "action_flag": 1, "change_message": "[{\"added\": {}}]"}}, {"model": "admin.logentry", "pk": 9, "fields": {"action_time": "2025-08-26T05:27:51.909Z", "user": 1, "content_type": 8, "object_id": "2", "object_repr": "bkash - d71270a96e8a403291eb460ee81851df | {'app_key': '0vWQuCRGiUX7EPVjQDr0EUAYtc', 'app_secret': 'jcUNPBgbcqEDedNKdvE4G1cAK7D3hCjmJccNPZZBq96QIxxwAMEx', 'username': '01770618567', 'password': 'D7DaC", "action_flag": 1, "change_message": "[{\"added\": {}}]"}}, {"model": "admin.logentry", "pk": 10, "fields": {"action_time": "2025-08-26T11:39:10.682Z", "user": 1, "content_type": 8, "object_id": "2", "object_repr": "bkash - d71270a96e8a403291eb460ee81851df | {'app_key': '0vWQuCRGiUX7EPVjQDr0EUAYtc', 'password': 'D7DaC<*E*eG', 'username': '01770618567', 'app_secret': 'jcUNPBgbcqEDedNKdvE4G1cAK7D3hCjmJccNPZZBq96QIx", "action_flag": 2, "change_message": "[{\"changed\": {\"fields\": [\"Is active\"]}}]"}}, {"model": "admin.logentry", "pk": 11, "fields": {"action_time": "2025-08-26T11:42:03.553Z", "user": 1, "content_type": 19, "object_id": "1", "object_repr": "Invoice#8e6b6e8b625a46d28cb1c29bfe4246a8", "action_flag": 2, "change_message": "[{\"changed\": {\"fields\": [\"Customer amount\"]}}]"}}, {"model": "admin.logentry", "pk": 12, "fields": {"action_time": "2025-08-26T11:46:48.187Z", "user": 1, "content_type": 13, "object_id": "1", "object_repr": "Under World", "action_flag": 2, "change_message": "[]"}}, {"model": "admin.logentry", "pk": 13, "fields": {"action_time": "2025-08-26T12:12:46.847Z", "user": 1, "content_type": 19, "object_id": "2", "object_repr": "Invoice#7cbf92c99cbe42adb6e0fdff77dc846d", "action_flag": 1, "change_message": "[{\"added\": {}}]"}}, {"model": "admin.logentry", "pk": 14, "fields": {"action_time": "2025-08-26T13:44:45.591Z", "user": 1, "content_type": 8, "object_id": "3", "object_repr": "bkash-personal - 7c8a7b6da2344a88b317e333667b3e04 | None", "action_flag": 1, "change_message": "[{\"added\": {}}]"}}, {"model": "admin.logentry", "pk": 15, "fields": {"action_time": "2025-08-26T13:46:14.282Z", "user": 1, "content_type": 8, "object_id": "3", "object_repr": "bkash-personal - 7c8a7b6da2344a88b317e333667b3e04 | {'phone_number': '01601611167'}", "action_flag": 2, "change_message": "[{\"changed\": {\"fields\": [\"Details json\"]}}]"}}, {"model": "admin.logentry", "pk": 16, "fields": {"action_time": "2025-08-26T13:47:03.520Z", "user": 1, "content_type": 19, "object_id": "2", "object_repr": "Invoice#7cbf92c99cbe42adb6e0fdff77dc846d", "action_flag": 2, "change_message": "[{\"changed\": {\"fields\": [\"Customer amount\"]}}]"}}, {"model": "admin.logentry", "pk": 17, "fields": {"action_time": "2025-08-26T18:11:28.912Z", "user": 1, "content_type": 8, "object_id": "3", "object_repr": "bkash-agent - 7c8a7b6da2344a88b317e333667b3e04 | {'phone_number': '01771672286'}", "action_flag": 2, "change_message": "[{\"changed\": {\"fields\": [\"Method\", \"Details json\"]}}]"}}, {"model": "admin.logentry", "pk": 18, "fields": {"action_time": "2025-08-26T18:12:47.128Z", "user": 1, "content_type": 9, "object_id": "3", "object_repr": "0462a030c55d4f1r6pr0", "action_flag": 1, "change_message": "[{\"added\": {}}]"}}, {"model": "admin.logentry", "pk": 19, "fields": {"action_time": "2025-08-26T18:13:19.808Z", "user": 1, "content_type": 9, "object_id": "3", "object_repr": "0462a030c55d4f1r6pr0", "action_flag": 2, "change_message": "[{\"changed\": {\"fields\": [\"Device pin\"]}}]"}}, {"model": "admin.logentry", "pk": 20, "fields": {"action_time": "2025-08-26T19:35:49.042Z", "user": 1, "content_type": 16, "object_id": "1", "object_repr": "StorePaymentMessage object (1)", "action_flag": 3, "change_message": ""}}, {"model": "admin.logentry", "pk": 21, "fields": {"action_time": "2025-08-27T05:40:38.818Z", "user": 1, "content_type": 8, "object_id": "2", "object_repr": "bkash - d71270a96e8a403291eb460ee81851df | {'app_key': '0vWQuCRGiUX7EPVjQDr0EUAYtc', 'password': 'D7DaC<*E*eG', 'username': '01770618567', 'app_secret': 'jcUNPBgbcqEDedNKdvE4G1cAK7D3hCjmJccNPZZBq96QIx", "action_flag": 2, "change_message": "[{\"changed\": {\"fields\": [\"Is active\"]}}]"}}, {"model": "admin.logentry", "pk": 22, "fields": {"action_time": "2025-08-27T05:40:46.015Z", "user": 1, "content_type": 8, "object_id": "1", "object_repr": "bkash - b8b313b3fcab4ac5bd68eb61746171a9 | {'app_key': '9APKg7pz0SvGWIh5LC6utTwvtc', 'password': 'bl{vK9|Uu#q', 'username': '01880193022', 'app_secret': 'FeW60HAkOEx1y2ucJCY8xDNo3rT2UvTGsEGUBKqqrnH0K0", "action_flag": 2, "change_message": "[{\"changed\": {\"fields\": [\"Is active\"]}}]"}}, {"model": "admin.logentry", "pk": 23, "fields": {"action_time": "2025-08-27T05:55:23.071Z", "user": 1, "content_type": 19, "object_id": "3", "object_repr": "Invoice#ac2af7bad7fa4658ba046026512c0158", "action_flag": 2, "change_message": "[{\"changed\": {\"fields\": [\"Callback url\", \"Method payment id\", \"Payment gateway\"]}}]"}}, {"model": "admin.logentry", "pk": 24, "fields": {"action_time": "2025-08-27T12:20:43.285Z", "user": 1, "content_type": 8, "object_id": "4", "object_repr": "nagad-agent - 8b3d4910155b4570990d72f3361cd1dd | {'phone_number': '01771672286'}", "action_flag": 1, "change_message": "[{\"added\": {}}]"}}, {"model": "admin.logentry", "pk": 25, "fields": {"action_time": "2025-08-27T12:48:12.392Z", "user": 1, "content_type": 16, "object_id": "2", "object_repr": "StorePaymentMessage object (2)", "action_flag": 1, "change_message": "[{\"added\": {}}]"}}, {"model": "admin.logentry", "pk": 26, "fields": {"action_time": "2025-08-27T12:48:40.797Z", "user": 1, "content_type": 16, "object_id": "2", "object_repr": "StorePaymentMessage object (2)", "action_flag": 2, "change_message": "[{\"changed\": {\"fields\": [\"Message amount\"]}}]"}}, {"model": "admin.logentry", "pk": 27, "fields": {"action_time": "2025-08-28T18:15:24.388Z", "user": 1, "content_type": 20, "object_id": "1", "object_repr": "PaymentTransfer object (1)", "action_flag": 2, "change_message": "[{\"changed\": {\"fields\": [\"Status\"]}}]"}}, {"model": "admin.logentry", "pk": 28, "fields": {"action_time": "2025-08-28T18:19:02.395Z", "user": 1, "content_type": 8, "object_id": "1", "object_repr": "bkash - b8b313b3fcab4ac5bd68eb61746171a9 | {'app_key': '9APKg7pz0SvGWIh5LC6utTwvtc', 'password': 'bl{vK9|Uu#q', 'username': '01880193022', 'app_secret': 'FeW60HAkOEx1y2ucJCY8xDNo3rT2UvTGsEGUBKqqrnH0K0", "action_flag": 2, "change_message": "[{\"changed\": {\"fields\": [\"Is active\"]}}]"}}, {"model": "admin.logentry", "pk": 29, "fields": {"action_time": "2025-08-28T18:19:07.628Z", "user": 1, "content_type": 8, "object_id": "2", "object_repr": "bkash - d71270a96e8a403291eb460ee81851df | {'app_key': '0vWQuCRGiUX7EPVjQDr0EUAYtc', 'password': 'D7DaC<*E*eG', 'username': '01770618567', 'app_secret': 'jcUNPBgbcqEDedNKdvE4G1cAK7D3hCjmJccNPZZBq96QIx", "action_flag": 2, "change_message": "[{\"changed\": {\"fields\": [\"Is active\"]}}]"}}, {"model": "admin.logentry", "pk": 30, "fields": {"action_time": "2025-08-31T17:39:35.743Z", "user": 1, "content_type": 21, "object_id": "4", "object_repr": "WithdrawRequest object (4)", "action_flag": 2, "change_message": "[{\"changed\": {\"fields\": [\"Status\", \"Trx id\"]}}]"}}, {"model": "admin.logentry", "pk": 31, "fields": {"action_time": "2025-09-01T11:12:15.436Z", "user": 1, "content_type": 16, "object_id": "6", "object_repr": "StorePaymentMessage object (6)", "action_flag": 2, "change_message": "[{\"changed\": {\"fields\": [\"Message amount\"]}}]"}}, {"model": "admin.logentry", "pk": 32, "fields": {"action_time": "2025-09-02T11:33:04.271Z", "user": 1, "content_type": 12, "object_id": "17", "object_repr": "alpha", "action_flag": 1, "change_message": "[{\"added\": {}}]"}}, {"model": "admin.logentry", "pk": 33, "fields": {"action_time": "2025-09-02T11:34:13.908Z", "user": 1, "content_type": 12, "object_id": "17", "object_repr": "alpha", "action_flag": 2, "change_message": "[{\"changed\": {\"fields\": [\"Role\"]}}]"}}, {"model": "auth.permission", "pk": 1, "fields": {"name": "Can add log entry", "content_type": 1, "codename": "add_logentry"}}, {"model": "auth.permission", "pk": 2, "fields": {"name": "Can change log entry", "content_type": 1, "codename": "change_logentry"}}, {"model": "auth.permission", "pk": 3, "fields": {"name": "Can delete log entry", "content_type": 1, "codename": "delete_logentry"}}, {"model": "auth.permission", "pk": 4, "fields": {"name": "Can view log entry", "content_type": 1, "codename": "view_logentry"}}, {"model": "auth.permission", "pk": 5, "fields": {"name": "Can add permission", "content_type": 2, "codename": "add_permission"}}, {"model": "auth.permission", "pk": 6, "fields": {"name": "Can change permission", "content_type": 2, "codename": "change_permission"}}, {"model": "auth.permission", "pk": 7, "fields": {"name": "Can delete permission", "content_type": 2, "codename": "delete_permission"}}, {"model": "auth.permission", "pk": 8, "fields": {"name": "Can view permission", "content_type": 2, "codename": "view_permission"}}, {"model": "auth.permission", "pk": 9, "fields": {"name": "Can add group", "content_type": 3, "codename": "add_group"}}, {"model": "auth.permission", "pk": 10, "fields": {"name": "Can change group", "content_type": 3, "codename": "change_group"}}, {"model": "auth.permission", "pk": 11, "fields": {"name": "Can delete group", "content_type": 3, "codename": "delete_group"}}, {"model": "auth.permission", "pk": 12, "fields": {"name": "Can view group", "content_type": 3, "codename": "view_group"}}, {"model": "auth.permission", "pk": 13, "fields": {"name": "Can add content type", "content_type": 4, "codename": "add_contenttype"}}, {"model": "auth.permission", "pk": 14, "fields": {"name": "Can change content type", "content_type": 4, "codename": "change_contenttype"}}, {"model": "auth.permission", "pk": 15, "fields": {"name": "Can delete content type", "content_type": 4, "codename": "delete_contenttype"}}, {"model": "auth.permission", "pk": 16, "fields": {"name": "Can view content type", "content_type": 4, "codename": "view_contenttype"}}, {"model": "auth.permission", "pk": 17, "fields": {"name": "Can add session", "content_type": 5, "codename": "add_session"}}, {"model": "auth.permission", "pk": 18, "fields": {"name": "Can change session", "content_type": 5, "codename": "change_session"}}, {"model": "auth.permission", "pk": 19, "fields": {"name": "Can delete session", "content_type": 5, "codename": "delete_session"}}, {"model": "auth.permission", "pk": 20, "fields": {"name": "Can view session", "content_type": 5, "codename": "view_session"}}, {"model": "auth.permission", "pk": 21, "fields": {"name": "Can add Blacklisted Token", "content_type": 6, "codename": "add_blacklistedtoken"}}, {"model": "auth.permission", "pk": 22, "fields": {"name": "Can change Blacklisted Token", "content_type": 6, "codename": "change_blacklistedtoken"}}, {"model": "auth.permission", "pk": 23, "fields": {"name": "Can delete Blacklisted Token", "content_type": 6, "codename": "delete_blacklistedtoken"}}, {"model": "auth.permission", "pk": 24, "fields": {"name": "Can view Blacklisted Token", "content_type": 6, "codename": "view_blacklistedtoken"}}, {"model": "auth.permission", "pk": 25, "fields": {"name": "Can add Outstanding Token", "content_type": 7, "codename": "add_outstandingtoken"}}, {"model": "auth.permission", "pk": 26, "fields": {"name": "Can change Outstanding Token", "content_type": 7, "codename": "change_outstandingtoken"}}, {"model": "auth.permission", "pk": 27, "fields": {"name": "Can delete Outstanding Token", "content_type": 7, "codename": "delete_outstandingtoken"}}, {"model": "auth.permission", "pk": 28, "fields": {"name": "Can view Outstanding Token", "content_type": 7, "codename": "view_outstandingtoken"}}, {"model": "auth.permission", "pk": 29, "fields": {"name": "Can add base payment gate way", "content_type": 8, "codename": "add_basepaymentgateway"}}, {"model": "auth.permission", "pk": 30, "fields": {"name": "Can change base payment gate way", "content_type": 8, "codename": "change_basepaymentgateway"}}, {"model": "auth.permission", "pk": 31, "fields": {"name": "Can delete base payment gate way", "content_type": 8, "codename": "delete_basepaymentgateway"}}, {"model": "auth.permission", "pk": 32, "fields": {"name": "Can view base payment gate way", "content_type": 8, "codename": "view_basepaymentgateway"}}, {"model": "auth.permission", "pk": 33, "fields": {"name": "Can add sms device key", "content_type": 9, "codename": "add_smsdevicekey"}}, {"model": "auth.permission", "pk": 34, "fields": {"name": "Can change sms device key", "content_type": 9, "codename": "change_smsdevicekey"}}, {"model": "auth.permission", "pk": 35, "fields": {"name": "Can delete sms device key", "content_type": 9, "codename": "delete_smsdevicekey"}}, {"model": "auth.permission", "pk": 36, "fields": {"name": "Can view sms device key", "content_type": 9, "codename": "view_smsdevicekey"}}, {"model": "auth.permission", "pk": 37, "fields": {"name": "Can add url configuration", "content_type": 10, "codename": "add_urlconfiguration"}}, {"model": "auth.permission", "pk": 38, "fields": {"name": "Can change url configuration", "content_type": 10, "codename": "change_urlconfiguration"}}, {"model": "auth.permission", "pk": 39, "fields": {"name": "Can delete url configuration", "content_type": 10, "codename": "delete_urlconfiguration"}}, {"model": "auth.permission", "pk": 40, "fields": {"name": "Can view url configuration", "content_type": 10, "codename": "view_urlconfiguration"}}, {"model": "auth.permission", "pk": 41, "fields": {"name": "Can add user role", "content_type": 11, "codename": "add_userrole"}}, {"model": "auth.permission", "pk": 42, "fields": {"name": "Can change user role", "content_type": 11, "codename": "change_userrole"}}, {"model": "auth.permission", "pk": 43, "fields": {"name": "Can delete user role", "content_type": 11, "codename": "delete_userrole"}}, {"model": "auth.permission", "pk": 44, "fields": {"name": "Can view user role", "content_type": 11, "codename": "view_userrole"}}, {"model": "auth.permission", "pk": 45, "fields": {"name": "Can add user", "content_type": 12, "codename": "add_customuser"}}, {"model": "auth.permission", "pk": 46, "fields": {"name": "Can change user", "content_type": 12, "codename": "change_customuser"}}, {"model": "auth.permission", "pk": 47, "fields": {"name": "Can delete user", "content_type": 12, "codename": "delete_customuser"}}, {"model": "auth.permission", "pk": 48, "fields": {"name": "Can view user", "content_type": 12, "codename": "view_customuser"}}, {"model": "auth.permission", "pk": 49, "fields": {"name": "Can add merchant", "content_type": 13, "codename": "add_merchant"}}, {"model": "auth.permission", "pk": 50, "fields": {"name": "Can change merchant", "content_type": 13, "codename": "change_merchant"}}, {"model": "auth.permission", "pk": 51, "fields": {"name": "Can delete merchant", "content_type": 13, "codename": "delete_merchant"}}, {"model": "auth.permission", "pk": 52, "fields": {"name": "Can view merchant", "content_type": 13, "codename": "view_merchant"}}, {"model": "auth.permission", "pk": 53, "fields": {"name": "Can add api key", "content_type": 14, "codename": "add_apikey"}}, {"model": "auth.permission", "pk": 54, "fields": {"name": "Can change api key", "content_type": 14, "codename": "change_apikey"}}, {"model": "auth.permission", "pk": 55, "fields": {"name": "Can delete api key", "content_type": 14, "codename": "delete_apikey"}}, {"model": "auth.permission", "pk": 56, "fields": {"name": "Can view api key", "content_type": 14, "codename": "view_apikey"}}, {"model": "auth.permission", "pk": 57, "fields": {"name": "Can add merchant wallet", "content_type": 15, "codename": "add_merchantwallet"}}, {"model": "auth.permission", "pk": 58, "fields": {"name": "Can change merchant wallet", "content_type": 15, "codename": "change_merchantwallet"}}, {"model": "auth.permission", "pk": 59, "fields": {"name": "Can delete merchant wallet", "content_type": 15, "codename": "delete_merchantwallet"}}, {"model": "auth.permission", "pk": 60, "fields": {"name": "Can view merchant wallet", "content_type": 15, "codename": "view_merchantwallet"}}, {"model": "auth.permission", "pk": 61, "fields": {"name": "Can add store payment message", "content_type": 16, "codename": "add_storepaymentmessage"}}, {"model": "auth.permission", "pk": 62, "fields": {"name": "Can change store payment message", "content_type": 16, "codename": "change_storepaymentmessage"}}, {"model": "auth.permission", "pk": 63, "fields": {"name": "Can delete store payment message", "content_type": 16, "codename": "delete_storepaymentmessage"}}, {"model": "auth.permission", "pk": 64, "fields": {"name": "Can view store payment message", "content_type": 16, "codename": "view_storepaymentmessage"}}, {"model": "auth.permission", "pk": 65, "fields": {"name": "Can add user id", "content_type": 17, "codename": "add_userid"}}, {"model": "auth.permission", "pk": 66, "fields": {"name": "Can change user id", "content_type": 17, "codename": "change_userid"}}, {"model": "auth.permission", "pk": 67, "fields": {"name": "Can delete user id", "content_type": 17, "codename": "delete_userid"}}, {"model": "auth.permission", "pk": 68, "fields": {"name": "Can view user id", "content_type": 17, "codename": "view_userid"}}, {"model": "auth.permission", "pk": 69, "fields": {"name": "Can add user payment method", "content_type": 18, "codename": "add_userpaymentmethod"}}, {"model": "auth.permission", "pk": 70, "fields": {"name": "Can change user payment method", "content_type": 18, "codename": "change_userpaymentmethod"}}, {"model": "auth.permission", "pk": 71, "fields": {"name": "Can delete user payment method", "content_type": 18, "codename": "delete_userpaymentmethod"}}, {"model": "auth.permission", "pk": 72, "fields": {"name": "Can view user payment method", "content_type": 18, "codename": "view_userpaymentmethod"}}, {"model": "auth.permission", "pk": 73, "fields": {"name": "Can add invoice", "content_type": 19, "codename": "add_invoice"}}, {"model": "auth.permission", "pk": 74, "fields": {"name": "Can change invoice", "content_type": 19, "codename": "change_invoice"}}, {"model": "auth.permission", "pk": 75, "fields": {"name": "Can delete invoice", "content_type": 19, "codename": "delete_invoice"}}, {"model": "auth.permission", "pk": 76, "fields": {"name": "Can view invoice", "content_type": 19, "codename": "view_invoice"}}, {"model": "auth.permission", "pk": 77, "fields": {"name": "Can add payment transfer", "content_type": 20, "codename": "add_paymenttransfer"}}, {"model": "auth.permission", "pk": 78, "fields": {"name": "Can change payment transfer", "content_type": 20, "codename": "change_paymenttransfer"}}, {"model": "auth.permission", "pk": 79, "fields": {"name": "Can delete payment transfer", "content_type": 20, "codename": "delete_paymenttransfer"}}, {"model": "auth.permission", "pk": 80, "fields": {"name": "Can view payment transfer", "content_type": 20, "codename": "view_paymenttransfer"}}, {"model": "auth.permission", "pk": 81, "fields": {"name": "Can add withdraw request", "content_type": 21, "codename": "add_withdrawrequest"}}, {"model": "auth.permission", "pk": 82, "fields": {"name": "Can change withdraw request", "content_type": 21, "codename": "change_withdrawrequest"}}, {"model": "auth.permission", "pk": 83, "fields": {"name": "Can delete withdraw request", "content_type": 21, "codename": "delete_withdrawrequest"}}, {"model": "auth.permission", "pk": 84, "fields": {"name": "Can view withdraw request", "content_type": 21, "codename": "view_withdrawrequest"}}, {"model": "auth.permission", "pk": 85, "fields": {"name": "Can add wallet transaction", "content_type": 22, "codename": "add_wallettransaction"}}, {"model": "auth.permission", "pk": 86, "fields": {"name": "Can change wallet transaction", "content_type": 22, "codename": "change_wallettransaction"}}, {"model": "auth.permission", "pk": 87, "fields": {"name": "Can delete wallet transaction", "content_type": 22, "codename": "delete_wallettransaction"}}, {"model": "auth.permission", "pk": 88, "fields": {"name": "Can view wallet transaction", "content_type": 22, "codename": "view_wallettransaction"}}, {"model": "auth.permission", "pk": 89, "fields": {"name": "Can add send box invoice", "content_type": 23, "codename": "add_sendboxinvoice"}}, {"model": "auth.permission", "pk": 90, "fields": {"name": "Can change send box invoice", "content_type": 23, "codename": "change_sendboxinvoice"}}, {"model": "auth.permission", "pk": 91, "fields": {"name": "Can delete send box invoice", "content_type": 23, "codename": "delete_sendboxinvoice"}}, {"model": "auth.permission", "pk": 92, "fields": {"name": "Can view send box invoice", "content_type": 23, "codename": "view_sendboxinvoice"}}, {"model": "auth.permission", "pk": 93, "fields": {"name": "Can add send box payment transfer", "content_type": 24, "codename": "add_sendboxpaymenttransfer"}}, {"model": "auth.permission", "pk": 94, "fields": {"name": "Can change send box payment transfer", "content_type": 24, "codename": "change_sendboxpaymenttransfer"}}, {"model": "auth.permission", "pk": 95, "fields": {"name": "Can delete send box payment transfer", "content_type": 24, "codename": "delete_sendboxpaymenttransfer"}}, {"model": "auth.permission", "pk": 96, "fields": {"name": "Can view send box payment transfer", "content_type": 24, "codename": "view_sendboxpaymenttransfer"}}, {"model": "contenttypes.contenttype", "pk": 1, "fields": {"app_label": "admin", "model": "logentry"}}, {"model": "contenttypes.contenttype", "pk": 2, "fields": {"app_label": "auth", "model": "permission"}}, {"model": "contenttypes.contenttype", "pk": 3, "fields": {"app_label": "auth", "model": "group"}}, {"model": "contenttypes.contenttype", "pk": 4, "fields": {"app_label": "contenttypes", "model": "contenttype"}}, {"model": "contenttypes.contenttype", "pk": 5, "fields": {"app_label": "sessions", "model": "session"}}, {"model": "contenttypes.contenttype", "pk": 6, "fields": {"app_label": "token_blacklist", "model": "blacklistedtoken"}}, {"model": "contenttypes.contenttype", "pk": 7, "fields": {"app_label": "token_blacklist", "model": "outstandingtoken"}}, {"model": "contenttypes.contenttype", "pk": 8, "fields": {"app_label": "authentication", "model": "basepaymentgateway"}}, {"model": "contenttypes.contenttype", "pk": 9, "fields": {"app_label": "authentication", "model": "smsdevicekey"}}, {"model": "contenttypes.contenttype", "pk": 10, "fields": {"app_label": "authentication", "model": "urlconfiguration"}}, {"model": "contenttypes.contenttype", "pk": 11, "fields": {"app_label": "authentication", "model": "userrole"}}, {"model": "contenttypes.contenttype", "pk": 12, "fields": {"app_label": "authentication", "model": "customuser"}}, {"model": "contenttypes.contenttype", "pk": 13, "fields": {"app_label": "authentication", "model": "merchant"}}, {"model": "contenttypes.contenttype", "pk": 14, "fields": {"app_label": "authentication", "model": "apikey"}}, {"model": "contenttypes.contenttype", "pk": 15, "fields": {"app_label": "authentication", "model": "merchantwallet"}}, {"model": "contenttypes.contenttype", "pk": 16, "fields": {"app_label": "authentication", "model": "storepaymentmessage"}}, {"model": "contenttypes.contenttype", "pk": 17, "fields": {"app_label": "authentication", "model": "userid"}}, {"model": "contenttypes.contenttype", "pk": 18, "fields": {"app_label": "authentication", "model": "userpaymentmethod"}}, {"model": "contenttypes.contenttype", "pk": 19, "fields": {"app_label": "core", "model": "invoice"}}, {"model": "contenttypes.contenttype", "pk": 20, "fields": {"app_label": "core", "model": "paymenttransfer"}}, {"model": "contenttypes.contenttype", "pk": 21, "fields": {"app_label": "core", "model": "withdrawrequest"}}, {"model": "contenttypes.contenttype", "pk": 22, "fields": {"app_label": "core", "model": "wallettransaction"}}, {"model": "contenttypes.contenttype", "pk": 23, "fields": {"app_label": "api_sendbox", "model": "sendboxinvoice"}}, {"model": "contenttypes.contenttype", "pk": 24, "fields": {"app_label": "api_sendbox", "model": "sendboxpaymenttransfer"}}, {"model": "sessions.session", "pk": "53kxgj0717wc0k81rbu63fea455heu0w", "fields": {"session_data": ".eJxVjEsOAiEQBe_C2pAG5KNL956BNDQtowaSYWZlvLtOMgvdvqp6LxFxXWpcR5njROIslDj8bgnzo7QN0B3brcvc2zJPSW6K3OmQ107ledndv4OKo35r54mtP4HJRD4QKI-KKYNOZAwAWvaUtNecOQBbLLk4jWxDOLpEUMT7A_bLOLw:1usc4Z:kA1FDNA3g7_CNkHst2s8wUmCjpP0HPx7kJsQVDPF6a8", "expire_date": "2025-09-14T07:01:55.914Z"}}, {"model": "sessions.session", "pk": "827qnhohem8ijoxl7mj1nfkqdv5tdbx2", "fields": {"session_data": ".eJxVjEsOAiEQBe_C2pAG5KNL956BNDQtowaSYWZlvLtOMgvdvqp6LxFxXWpcR5njROIslDj8bgnzo7QN0B3brcvc2zJPSW6K3OmQ107ledndv4OKo35r54mtP4HJRD4QKI-KKYNOZAwAWvaUtNecOQBbLLk4jWxDOLpEUMT7A_bLOLw:1us4vU:gFH6eZVHIbRSPrb5JWSwlqAC4Vzq0Btde1UCkt0Y2RA", "expire_date": "2025-09-12T19:38:20.753Z"}}, {"model": "sessions.session", "pk": "9cqu91irqzyakc0yppkl4l8v1ppud4l9", "fields": {"session_data": ".eJxVjEsOAiEQBe_C2pAG5KNL956BNDQtowaSYWZlvLtOMgvdvqp6LxFxXWpcR5njROIslDj8bgnzo7QN0B3brcvc2zJPSW6K3OmQ107ledndv4OKo35r54mtP4HJRD4QKI-KKYNOZAwAWvaUtNecOQBbLLk4jWxDOLpEUMT7A_bLOLw:1uqWgj:F8SE9u-KU7wb7YakyBlK7rn6GIf7X0ZEgZTiZvM-jAc", "expire_date": "2025-09-08T12:52:41.087Z"}}, {"model": "sessions.session", "pk": "e9d6n6uov7k47j9nhr7mmpz0zoys5po8", "fields": {"session_data": ".eJxVjEsOAiEQBe_C2pAG5KNL956BNDQtowaSYWZlvLtOMgvdvqp6LxFxXWpcR5njROIslDj8bgnzo7QN0B3brcvc2zJPSW6K3OmQ107ledndv4OKo35r54mtP4HJRD4QKI-KKYNOZAwAWvaUtNecOQBbLLk4jWxDOLpEUMT7A_bLOLw:1uqWLN:v8GcIf5dIScyt3Bw-E9KvMIZbtvluRVfSlg6rcYKWOA", "expire_date": "2025-09-08T12:30:37.722Z"}}, {"model": "sessions.session", "pk": "eowucuvbg65vgeju54silimrxdpeby06", "fields": {"session_data": ".eJxVjEsOAiEQBe_C2pAG5KNL956BNDQtowaSYWZlvLtOMgvdvqp6LxFxXWpcR5njROIslDj8bgnzo7QN0B3brcvc2zJPSW6K3OmQ107ledndv4OKo35r54mtP4HJRD4QKI-KKYNOZAwAWvaUtNecOQBbLLk4jWxDOLpEUMT7A_bLOLw:1urBpf:8JT07PqTUmEaaAc3XiexmlDk50lktj3qEzqAmxykqJo", "expire_date": "2025-09-10T08:48:39.609Z"}}, {"model": "sessions.session", "pk": "gu12gxa2j463i4jlkrwva4q6xsjlqxa2", "fields": {"session_data": ".eJxVjEsOAiEQBe_C2pAG5KNL956BNDQtowaSYWZlvLtOMgvdvqp6LxFxXWpcR5njROIslDj8bgnzo7QN0B3brcvc2zJPSW6K3OmQ107ledndv4OKo35r54mtP4HJRD4QKI-KKYNOZAwAWvaUtNecOQBbLLk4jWxDOLpEUMT7A_bLOLw:1uqtsZ:9U1uui6xjkL3ndZYNjUVUXKH83tyt3n2h0N-86Yrkxc", "expire_date": "2025-09-09T13:38:27.603Z"}}, {"model": "sessions.session", "pk": "j6r352j9gftltq1t8dewwe09x94hn1rn", "fields": {"session_data": ".eJxVjEsOAiEQBe_C2pAG5KNL956BNDQtowaSYWZlvLtOMgvdvqp6LxFxXWpcR5njROIslDj8bgnzo7QN0B3brcvc2zJPSW6K3OmQ107ledndv4OKo35r54mtP4HJRD4QKI-KKYNOZAwAWvaUtNecOQBbLLk4jWxDOLpEUMT7A_bLOLw:1usm4j:wtdBz8uhjQMBN1nnxeKyUfA6EaKHSH1WvodT24ihbLU", "expire_date": "2025-09-14T17:42:45.078Z"}}, {"model": "sessions.session", "pk": "kpwjouoe0evucndj0gn4da86waraidei", "fields": {"session_data": ".eJxVjEsOAiEQBe_C2pAG5KNL956BNDQtowaSYWZlvLtOMgvdvqp6LxFxXWpcR5njROIslDj8bgnzo7QN0B3brcvc2zJPSW6K3OmQ107ledndv4OKo35r54mtP4HJRD4QKI-KKYNOZAwAWvaUtNecOQBbLLk4jWxDOLpEUMT7A_bLOLw:1uqs3d:2uvURjk-Q0Ce7pVmYtwcfEoVWXbTfnHfqejqFU-fze8", "expire_date": "2025-09-09T11:41:45.448Z"}}, {"model": "sessions.session", "pk": "orbxpxacyhuy15g2se9yoiyhvt0ez8mk", "fields": {"session_data": ".eJxVjEsOAiEQBe_C2pAG5KNL956BNDQtowaSYWZlvLtOMgvdvqp6LxFxXWpcR5njROIslDj8bgnzo7QN0B3brcvc2zJPSW6K3OmQ107ledndv4OKo35r54mtP4HJRD4QKI-KKYNOZAwAWvaUtNecOQBbLLk4jWxDOLpEUMT7A_bLOLw:1urfE4:V5FQtW_uwXYJK-7gyCVcaGk6FN_LwETjPrJku3CrPow", "expire_date": "2025-09-11T16:11:48.461Z"}}, {"model": "token_blacklist.outstandingtoken", "pk": 1, "fields": {"user": 2, "jti": "ae8721a18dd94114ae53459d36bcff95", "token": "eyJhbGciOiJIUzI1NiIsInR5cCI6IkpXVCJ9.eyJ0b2tlbl90eXBlIjoicmVmcmVzaCIsImV4cCI6MTc1NzQyMjYzMSwiaWF0IjoxNzU2MTI2NjMxLCJqdGkiOiJhZTg3MjFhMThkZDk0MTE0YWU1MzQ1OWQzNmJjZmY5NSIsInVzZXJfaWQiOiIyIn0.CPIWYQHLihRRp_SpNQmLnqjOm5ibzdoOizoISHew8so", "created_at": "2025-08-25T12:57:11.385Z", "expires_at": "2025-09-09T12:57:11Z"}}, {"model": "token_blacklist.outstandingtoken", "pk": 2, "fields": {"user": 3, "jti": "78802aa7597f41f9aaabf1f7d8b172ec", "token": "eyJhbGciOiJIUzI1NiIsInR5cCI6IkpXVCJ9.eyJ0b2tlbl90eXBlIjoicmVmcmVzaCIsImV4cCI6MTc1NzQyMjg4MSwiaWF0IjoxNzU2MTI2ODgxLCJqdGkiOiI3ODgwMmFhNzU5N2Y0MWY5YWFhYmYxZjdkOGIxNzJlYyIsInVzZXJfaWQiOiIzIn0.lCbQ2v9sn_0MjtbSAk5Bi6OP_iGSpKC1P7a6LUPE-6k", "created_at": "2025-08-25T13:01:21.084Z", "expires_at": "2025-09-09T13:01:21Z"}}, {"model": "token_blacklist.outstandingtoken", "pk": 3, "fields": {"user": 3, "jti": "52bd4c948d144556b5c3a9a9f413b1bb", "token": "eyJhbGciOiJIUzI1NiIsInR5cCI6IkpXVCJ9.eyJ0b2tlbl90eXBlIjoicmVmcmVzaCIsImV4cCI6MTc1NzQyNDM5OSwiaWF0IjoxNzU2MTI4Mzk5LCJqdGkiOiI1MmJkNGM5NDhkMTQ0NTU2YjVjM2E5YTlmNDEzYjFiYiIsInVzZXJfaWQiOiIzIn0.CO43J2uvUY0Lfje6DFrxWqSxRC0O3l8Urr1ziiRukF4", "created_at": "2025-08-25T13:26:39.280Z", "expires_at": "2025-09-09T13:26:39Z"}}, {"model": "token_blacklist.outstandingtoken", "pk": 4, "fields": {"user": 1, "jti": "82bfc9f610ba411dae658347a1c34d1d", "token": "eyJhbGciOiJIUzI1NiIsInR5cCI6IkpXVCJ9.eyJ0b2tlbl90eXBlIjoicmVmcmVzaCIsImV4cCI6MTc1NzQzMzY3NiwiaWF0IjoxNzU2MTM3Njc2LCJqdGkiOiI4MmJmYzlmNjEwYmE0MTFkYWU2NTgzNDdhMWMzNGQxZCIsInVzZXJfaWQiOiIxIn0.b3OS-pY7AhYUc2wTR5gUn7gdZBrgLo47pZxY5X5NKck", "created_at": "2025-08-25T16:01:16.523Z", "expires_at": "2025-09-09T16:01:16Z"}}, {"model": "token_blacklist.outstandingtoken", "pk": 5, "fields": {"user": 3, "jti": "d4cc11c4c6c748fa901ec4b4ed885cb3", "token": "eyJhbGciOiJIUzI1NiIsInR5cCI6IkpXVCJ9.eyJ0b2tlbl90eXBlIjoicmVmcmVzaCIsImV4cCI6MTc1NzQzNDE1NiwiaWF0IjoxNzU2MTM4MTU2LCJqdGkiOiJkNGNjMTFjNGM2Yzc0OGZhOTAxZWM0YjRlZDg4NWNiMyIsInVzZXJfaWQiOiIzIn0.xlQMH4twYw3nb_RB4oaSkjub41Ny3K8p6_sTjWlWD4Q", "created_at": "2025-08-25T16:09:16.160Z", "expires_at": "2025-09-09T16:09:16Z"}}, {"model": "token_blacklist.outstandingtoken", "pk": 6, "fields": {"user": 1, "jti": "def061623f1c4310aefef9989d030529", "token": "eyJhbGciOiJIUzI1NiIsInR5cCI6IkpXVCJ9.eyJ0b2tlbl90eXBlIjoicmVmcmVzaCIsImV4cCI6MTc1NzQ0MjQwNSwiaWF0IjoxNzU2MTQ2NDA1LCJqdGkiOiJkZWYwNjE2MjNmMWM0MzEwYWVmZWY5OTg5ZDAzMDUyOSIsInVzZXJfaWQiOiIxIn0.OlD_xdnmNOyfkTs7j1VxGrqT-UZ-tTgvYxXJFiyCTdg", "created_at": "2025-08-25T18:26:45.774Z", "expires_at": "2025-09-09T18:26:45Z"}}, {"model": "token_blacklist.outstandingtoken", "pk": 7, "fields": {"user": 1, "jti": "c7f0b781fda24c408fb34307e9437566", "token": "eyJhbGciOiJIUzI1NiIsInR5cCI6IkpXVCJ9.eyJ0b2tlbl90eXBlIjoicmVmcmVzaCIsImV4cCI6MTc1NzQ0MjUzOCwiaWF0IjoxNzU2MTQ2NTM4LCJqdGkiOiJjN2YwYjc4MWZkYTI0YzQwOGZiMzQzMDdlOTQzNzU2NiIsInVzZXJfaWQiOiIxIn0.KTYbSdUXitakc1bD-S_1O4g__NuKlwyDOu5PzdrEOgI", "created_at": "2025-08-25T18:28:58.155Z", "expires_at": "2025-09-09T18:28:58Z"}}, {"model": "token_blacklist.outstandingtoken", "pk": 8, "fields": {"user": 1, "jti": "12012a8600d340e4bef568ec02b9deb0", "token": "eyJhbGciOiJIUzI1NiIsInR5cCI6IkpXVCJ9.eyJ0b2tlbl90eXBlIjoicmVmcmVzaCIsImV4cCI6MTc1NzUwODIyNiwiaWF0IjoxNzU2MjEyMjI2LCJqdGkiOiIxMjAxMmE4NjAwZDM0MGU0YmVmNTY4ZWMwMmI5ZGViMCIsInVzZXJfaWQiOiIxIn0.Eaysp3m-tNbKAZyvC8MN3yQIeoTv3M2kX1l2FN9X3jQ", "created_at": "2025-08-26T12:43:46.498Z", "expires_at": "2025-09-10T12:43:46Z"}}, {"model": "token_blacklist.outstandingtoken", "pk": 9, "fields": {"user": 3, "jti": "3ebf1d12c33440ea8a99394014032d7f", "token": "eyJhbGciOiJIUzI1NiIsInR5cCI6IkpXVCJ9.eyJ0b2tlbl90eXBlIjoicmVmcmVzaCIsImV4cCI6MTc1NzUwODQ3OSwiaWF0IjoxNzU2MjEyNDc5LCJqdGkiOiIzZWJmMWQxMmMzMzQ0MGVhOGE5OTM5NDAxNDAzMmQ3ZiIsInVzZXJfaWQiOiIzIn0.frlqOK7RO7600_BO7NPgxTZnn7S65O_vATVUmP1vzhc", "created_at": "2025-08-26T12:47:59.772Z", "expires_at": "2025-09-10T12:47:59Z"}}, {"model": "token_blacklist.outstandingtoken", "pk": 10, "fields": {"user": 1, "jti": "e1034f5361b1418ebfdd0f58773ab71f", "token": "eyJhbGciOiJIUzI1NiIsInR5cCI6IkpXVCJ9.eyJ0b2tlbl90eXBlIjoicmVmcmVzaCIsImV4cCI6MTc1NzUxMTIwOSwiaWF0IjoxNzU2MjE1MjA5LCJqdGkiOiJlMTAzNGY1MzYxYjE0MThlYmZkZDBmNTg3NzNhYjcxZiIsInVzZXJfaWQiOiIxIn0.sB55bQIiWaM6xYixgcr5jmvMZ8Dot-O3WiJtAi8A0_4", "created_at": "2025-08-26T13:33:29.167Z", "expires_at": "2025-09-10T13:33:29Z"}}, {"model": "token_blacklist.outstandingtoken", "pk": 11, "fields": {"user": 3, "jti": "0149f658d0034f66bfef30bfbcbb5417", "token": "eyJhbGciOiJIUzI1NiIsInR5cCI6IkpXVCJ9.eyJ0b2tlbl90eXBlIjoicmVmcmVzaCIsImV4cCI6MTc1NzUyNzY0OCwiaWF0IjoxNzU2MjMxNjQ4LCJqdGkiOiIwMTQ5ZjY1OGQwMDM0ZjY2YmZlZjMwYmZiY2JiNTQxNyIsInVzZXJfaWQiOiIzIn0.ztuh-N9xAeEmyIb22KkdqkPDosaRXPJVd3O9izODe2I", "created_at": "2025-08-26T18:07:28.445Z", "expires_at": "2025-09-10T18:07:28Z"}}, {"model": "token_blacklist.outstandingtoken", "pk": 12, "fields": {"user": 3, "jti": "3db66b9ea8cc41f3b09b0a8e8e07286f", "token": "eyJhbGciOiJIUzI1NiIsInR5cCI6IkpXVCJ9.eyJ0b2tlbl90eXBlIjoicmVmcmVzaCIsImV4cCI6MTc1NzUyNzY0OSwiaWF0IjoxNzU2MjMxNjQ5LCJqdGkiOiIzZGI2NmI5ZWE4Y2M0MWYzYjA5YjBhOGU4ZTA3Mjg2ZiIsInVzZXJfaWQiOiIzIn0.9Pxo_g1vbQzctOCvFgp1TxBypDu87E6bdC8ty429nUM", "created_at": "2025-08-26T18:07:29.537Z", "expires_at": "2025-09-10T18:07:29Z"}}, {"model": "token_blacklist.outstandingtoken", "pk": 13, "fields": {"user": 3, "jti": "5197e2e11bdc4d4095526c8b96e3ea23", "token": "eyJhbGciOiJIUzI1NiIsInR5cCI6IkpXVCJ9.eyJ0b2tlbl90eXBlIjoicmVmcmVzaCIsImV4cCI6MTc1NzU2NDUxNywiaWF0IjoxNzU2MjY4NTE3LCJqdGkiOiI1MTk3ZTJlMTFiZGM0ZDQwOTU1MjZjOGI5NmUzZWEyMyIsInVzZXJfaWQiOiIzIn0.2RCrT-L07Hk4ejbO7AJag_jZ4IRKjfdLHSa1WJPlY9E", "created_at": "2025-08-27T04:21:57.311Z", "expires_at": "2025-09-11T04:21:57Z"}}, {"model": "token_blacklist.outstandingtoken", "pk": 14, "fields": {"user": 3, "jti": "36f2c8be56d044ad8dd23dfd320ecef8", "token": "eyJhbGciOiJIUzI1NiIsInR5cCI6IkpXVCJ9.eyJ0b2tlbl90eXBlIjoicmVmcmVzaCIsImV4cCI6MTc1NzU2NTc5MCwiaWF0IjoxNzU2MjY5NzkwLCJqdGkiOiIzNmYyYzhiZTU2ZDA0NGFkOGRkMjNkZmQzMjBlY2VmOCIsInVzZXJfaWQiOiIzIn0.LDvg3HfuII-i2kz4t2w7IhMBhSdm93E2-IrA3vCHGfs", "created_at": "2025-08-27T04:43:10.282Z", "expires_at": "2025-09-11T04:43:10Z"}}, {"model": "token_blacklist.outstandingtoken", "pk": 15, "fields": {"user": 3, "jti": "20d64587ae454e27a1c4c554c27b6782", "token": "eyJhbGciOiJIUzI1NiIsInR5cCI6IkpXVCJ9.eyJ0b2tlbl90eXBlIjoicmVmcmVzaCIsImV4cCI6MTc1NzU2NjI0NywiaWF0IjoxNzU2MjcwMjQ3LCJqdGkiOiIyMGQ2NDU4N2FlNDU0ZTI3YTFjNGM1NTRjMjdiNjc4MiIsInVzZXJfaWQiOiIzIn0.50dfDu2UJm_Z9DHkz6SqdaEYWkA3LeAlgpL6HvOk_xU", "created_at": "2025-08-27T04:50:47.365Z", "expires_at": "2025-09-11T04:50:47Z"}}, {"model": "token_blacklist.outstandingtoken", "pk": 16, "fields": {"user": 3, "jti": "bd8717ee43d04204a3c5b84e67fe93f3", "token": "eyJhbGciOiJIUzI1NiIsInR5cCI6IkpXVCJ9.eyJ0b2tlbl90eXBlIjoicmVmcmVzaCIsImV4cCI6MTc1NzU2NjQ2NCwiaWF0IjoxNzU2MjcwNDY0LCJqdGkiOiJiZDg3MTdlZTQzZDA0MjA0YTNjNWI4NGU2N2ZlOTNmMyIsInVzZXJfaWQiOiIzIn0.MIpsSA0ARwrRkUgOgpadLo6PP69AH60j4wzPuyd28aM", "created_at": "2025-08-27T04:54:24.560Z", "expires_at": "2025-09-11T04:54:24Z"}}, {"model": "token_blacklist.outstandingtoken", "pk": 17, "fields": {"user": 3, "jti": "d7e540b45859467c8fab310ff3edef4f", "token": "eyJhbGciOiJIUzI1NiIsInR5cCI6IkpXVCJ9.eyJ0b2tlbl90eXBlIjoicmVmcmVzaCIsImV4cCI6MTc1NzU2NjU1OSwiaWF0IjoxNzU2MjcwNTU5LCJqdGkiOiJkN2U1NDBiNDU4NTk0NjdjOGZhYjMxMGZmM2VkZWY0ZiIsInVzZXJfaWQiOiIzIn0.dpAts7EYHa84JCWum6W08aBQ_adALh6XAObHZfg0mig", "created_at": "2025-08-27T04:55:59.775Z", "expires_at": "2025-09-11T04:55:59Z"}}, {"model": "token_blacklist.outstandingtoken", "pk": 18, "fields": {"user": 1, "jti": "e9bdf8ca38c34e378b432f31927a72da", "token": "eyJhbGciOiJIUzI1NiIsInR5cCI6IkpXVCJ9.eyJ0b2tlbl90eXBlIjoicmVmcmVzaCIsImV4cCI6MTc1NzU3NDgyMSwiaWF0IjoxNzU2Mjc4ODIxLCJqdGkiOiJlOWJkZjhjYTM4YzM0ZTM3OGI0MzJmMzE5MjdhNzJkYSIsInVzZXJfaWQiOiIxIn0.dZoKr4v-oUv8DuoAi9xSFgEKRBae-X1iOVUi2CKRCXo", "created_at": "2025-08-27T07:13:41.460Z", "expires_at": "2025-09-11T07:13:41Z"}}, {"model": "token_blacklist.outstandingtoken", "pk": 19, "fields": {"user": 3, "jti": "5a50e1b1ee994cb7bf95790eada83d97", "token": "eyJhbGciOiJIUzI1NiIsInR5cCI6IkpXVCJ9.eyJ0b2tlbl90eXBlIjoicmVmcmVzaCIsImV4cCI6MTc1NzU3NjM5MywiaWF0IjoxNzU2MjgwMzkzLCJqdGkiOiI1YTUwZTFiMWVlOTk0Y2I3YmY5NTc5MGVhZGE4M2Q5NyIsInVzZXJfaWQiOiIzIn0.9tx3B2h65tBGSBpCyt4UeFveiWDar9r2YRjzWhqdCyg", "created_at": "2025-08-27T07:39:53.719Z", "expires_at": "2025-09-11T07:39:53Z"}}, {"model": "token_blacklist.outstandingtoken", "pk": 20, "fields": {"user": 1, "jti": "7714b84b66744d21bc38de6cfdc34a05", "token": "eyJhbGciOiJIUzI1NiIsInR5cCI6IkpXVCJ9.eyJ0b2tlbl90eXBlIjoicmVmcmVzaCIsImV4cCI6MTc1NzU3Njg4NiwiaWF0IjoxNzU2MjgwODg2LCJqdGkiOiI3NzE0Yjg0YjY2NzQ0ZDIxYmMzOGRlNmNmZGMzNGEwNSIsInVzZXJfaWQiOiIxIn0.ZRlZjZoHFSQD58dJAkxed4vsJgBjVU-EGzDm0eoQg8s", "created_at": "2025-08-27T07:48:06.799Z", "expires_at": "2025-09-11T07:48:06Z"}}, {"model": "token_blacklist.outstandingtoken", "pk": 21, "fields": {"user": 3, "jti": "6a55043509584872a3ade62c83da214b", "token": "eyJhbGciOiJIUzI1NiIsInR5cCI6IkpXVCJ9.eyJ0b2tlbl90eXBlIjoicmVmcmVzaCIsImV4cCI6MTc1NzU3ODEzNSwiaWF0IjoxNzU2MjgyMTM1LCJqdGkiOiI2YTU1MDQzNTA5NTg0ODcyYTNhZGU2MmM4M2RhMjE0YiIsInVzZXJfaWQiOiIzIn0.TazYuHBrVKbKlyf6Ip7050WJApVy9m9Qd67x3gs3Yeo", "created_at": "2025-08-27T08:08:55.281Z", "expires_at": "2025-09-11T08:08:55Z"}}, {"model": "token_blacklist.outstandingtoken", "pk": 22, "fields": {"user": 3, "jti": "099650d386f846ab99f1d691b29c2a18", "token": "eyJhbGciOiJIUzI1NiIsInR5cCI6IkpXVCJ9.eyJ0b2tlbl90eXBlIjoicmVmcmVzaCIsImV4cCI6MTc1NzU3ODE0NywiaWF0IjoxNzU2MjgyMTQ3LCJqdGkiOiIwOTk2NTBkMzg2Zjg0NmFiOTlmMWQ2OTFiMjljMmExOCIsInVzZXJfaWQiOiIzIn0.6s3lXJVmow5wOLFrppd-S5p_IMk3a9_v9YGk_eXE5Dk", "created_at": "2025-08-27T08:09:07.284Z", "expires_at": "2025-09-11T08:09:07Z"}}, {"model": "token_blacklist.outstandingtoken", "pk": 23, "fields": {"user": 3, "jti": "6fe8ecb8ce2840d4a59a2ad904aea984", "token": "eyJhbGciOiJIUzI1NiIsInR5cCI6IkpXVCJ9.eyJ0b2tlbl90eXBlIjoicmVmcmVzaCIsImV4cCI6MTc1NzU3ODIyNCwiaWF0IjoxNzU2MjgyMjI0LCJqdGkiOiI2ZmU4ZWNiOGNlMjg0MGQ0YTU5YTJhZDkwNGFlYTk4NCIsInVzZXJfaWQiOiIzIn0.gvhuPzYdIHm-62QQBW7KVzQv__tgam7M2Lk34XP447c", "created_at": "2025-08-27T08:10:24.000Z", "expires_at": "2025-09-11T08:10:24Z"}}, {"model": "token_blacklist.outstandingtoken", "pk": 24, "fields": {"user": 3, "jti": "9338fdfb42844ccc8f1b62cf03ca4fd5", "token": "eyJhbGciOiJIUzI1NiIsInR5cCI6IkpXVCJ9.eyJ0b2tlbl90eXBlIjoicmVmcmVzaCIsImV4cCI6MTc1NzY1MzAzNCwiaWF0IjoxNzU2MzU3MDM0LCJqdGkiOiI5MzM4ZmRmYjQyODQ0Y2NjOGYxYjYyY2YwM2NhNGZkNSIsInVzZXJfaWQiOiIzIn0.dDiW07oqUCpWXx0TAE4y81ehp3zUtZjWijzNFFOIb-U", "created_at": "2025-08-28T04:57:14.497Z", "expires_at": "2025-09-12T04:57:14Z"}}, {"model": "token_blacklist.outstandingtoken", "pk": 25, "fields": {"user": 3, "jti": "cb83b7b8ffc94836a7cdc7d76aae4580", "token": "eyJhbGciOiJIUzI1NiIsInR5cCI6IkpXVCJ9.eyJ0b2tlbl90eXBlIjoicmVmcmVzaCIsImV4cCI6MTc1NzY1NTE0MSwiaWF0IjoxNzU2MzU5MTQxLCJqdGkiOiJjYjgzYjdiOGZmYzk0ODM2YTdjZGM3ZDc2YWFlNDU4MCIsInVzZXJfaWQiOiIzIn0.9IpepXqqCBb1i3fHR2DUp9w9UQMAr3iCMC1mU-fkcnk", "created_at": "2025-08-28T05:32:21.308Z", "expires_at": "2025-09-12T05:32:21Z"}}, {"model": "token_blacklist.outstandingtoken", "pk": 26, "fields": {"user": 3, "jti": "82987746d4ed4b9daf7108eb7c52d2d3", "token": "eyJhbGciOiJIUzI1NiIsInR5cCI6IkpXVCJ9.eyJ0b2tlbl90eXBlIjoicmVmcmVzaCIsImV4cCI6MTc1NzY2ODM0NiwiaWF0IjoxNzU2MzcyMzQ2LCJqdGkiOiI4Mjk4Nzc0NmQ0ZWQ0YjlkYWY3MTA4ZWI3YzUyZDJkMyIsInVzZXJfaWQiOiIzIn0.bG436_O9OidcL6JGSgf-n2kRLbYN4IJ4-CjJkpd_nuo", "created_at": "2025-08-28T09:12:26.964Z", "expires_at": "2025-09-12T09:12:26Z"}}, {"model": "token_blacklist.outstandingtoken", "pk": 27, "fields": {"user": 3, "jti": "b3945a6207104db7932348b19820aa10", "token": "eyJhbGciOiJIUzI1NiIsInR5cCI6IkpXVCJ9.eyJ0b2tlbl90eXBlIjoicmVmcmVzaCIsImV4cCI6MTc1NzY4MDIwMywiaWF0IjoxNzU2Mzg0MjAzLCJqdGkiOiJiMzk0NWE2MjA3MTA0ZGI3OTMyMzQ4YjE5ODIwYWExMCIsInVzZXJfaWQiOiIzIn0.a2s-J89H2uSwPZ7AiEU1kJlGx3dbfwChBKdxqx2PZ-M", "created_at": "2025-08-28T12:30:03.169Z", "expires_at": "2025-09-12T12:30:03Z"}}, {"model": "token_blacklist.outstandingtoken", "pk": 28, "fields": {"user": 3, "jti": "babd49f4d59e48e2818651aab55d18af", "token": "eyJhbGciOiJIUzI1NiIsInR5cCI6IkpXVCJ9.eyJ0b2tlbl90eXBlIjoicmVmcmVzaCIsImV4cCI6MTc1NzY5MjYwMCwiaWF0IjoxNzU2Mzk2NjAwLCJqdGkiOiJiYWJkNDlmNGQ1OWU0OGUyODE4NjUxYWFiNTVkMThhZiIsInVzZXJfaWQiOiIzIn0.w_YA_CSQ7V8bJphDdZvAvnEP6U9PAjuM6BiLEULlfKM", "created_at": "2025-08-28T15:56:40.740Z", "expires_at": "2025-09-12T15:56:40Z"}}, {"model": "token_blacklist.outstandingtoken", "pk": 29, "fields": {"user": 3, "jti": "f8b46fcdda764500a61f2c8ffe1bf768", "token": "eyJhbGciOiJIUzI1NiIsInR5cCI6IkpXVCJ9.eyJ0b2tlbl90eXBlIjoicmVmcmVzaCIsImV4cCI6MTc1NzY5NjU1NiwiaWF0IjoxNzU2NDAwNTU2LCJqdGkiOiJmOGI0NmZjZGRhNzY0NTAwYTYxZjJjOGZmZTFiZjc2OCIsInVzZXJfaWQiOiIzIn0.cWqalTLftGCCaboFfX0ok1_KyKIM3fMYb4lQpHdCJJA", "created_at": "2025-08-28T17:02:36.276Z", "expires_at": "2025-09-12T17:02:36Z"}}, {"model": "token_blacklist.outstandingtoken", "pk": 30, "fields": {"user": 1, "jti": "35d35e27c98549df8dea38bb65d4d4c9", "token": "eyJhbGciOiJIUzI1NiIsInR5cCI6IkpXVCJ9.eyJ0b2tlbl90eXBlIjoicmVmcmVzaCIsImV4cCI6MTc1NzY5ODY1NSwiaWF0IjoxNzU2NDAyNjU1LCJqdGkiOiIzNWQzNWUyN2M5ODU0OWRmOGRlYTM4YmI2NWQ0ZDRjOSIsInVzZXJfaWQiOiIxIn0.g4maV7BY3u9wN3GNFIj8kVBADsMwMQtwJm5yjvTjJLw", "created_at": "2025-08-28T17:37:35.470Z", "expires_at": "2025-09-12T17:37:35Z"}}, {"model": "token_blacklist.outstandingtoken", "pk": 31, "fields": {"user": 1, "jti": "99de34be331541fdad75f7f8c55e8c1e", "token": "eyJhbGciOiJIUzI1NiIsInR5cCI6IkpXVCJ9.eyJ0b2tlbl90eXBlIjoicmVmcmVzaCIsImV4cCI6MTc1NzY5ODY3MywiaWF0IjoxNzU2NDAyNjczLCJqdGkiOiI5OWRlMzRiZTMzMTU0MWZkYWQ3NWY3ZjhjNTVlOGMxZSIsInVzZXJfaWQiOiIxIn0.nXxGbnWNd9Y-WIhq7gPXTnVJ9_EajEyc4xHoGBs7IWg", "created_at": "2025-08-28T17:37:53.966Z", "expires_at": "2025-09-12T17:37:53Z"}}, {"model": "token_blacklist.outstandingtoken", "pk": 32, "fields": {"user": 3, "jti": "5b12d7e77ba04ffbbd3ce6dda7cffc58", "token": "eyJhbGciOiJIUzI1NiIsInR5cCI6IkpXVCJ9.eyJ0b2tlbl90eXBlIjoicmVmcmVzaCIsImV4cCI6MTc1NzY5OTE2OSwiaWF0IjoxNzU2NDAzMTY5LCJqdGkiOiI1YjEyZDdlNzdiYTA0ZmZiYmQzY2U2ZGRhN2NmZmM1OCIsInVzZXJfaWQiOiIzIn0.Xh1eRy7Hgaj27fL9Myl2A56dWdwcMv7Yehr1HnsOxGE", "created_at": "2025-08-28T17:46:09.007Z", "expires_at": "2025-09-12T17:46:09Z"}}, {"model": "token_blacklist.outstandingtoken", "pk": 33, "fields": {"user": 3, "jti": "ec5dbd18da2e4a48831c1467e27c40d5", "token": "eyJhbGciOiJIUzI1NiIsInR5cCI6IkpXVCJ9.eyJ0b2tlbl90eXBlIjoicmVmcmVzaCIsImV4cCI6MTc1NzY5OTYwMSwiaWF0IjoxNzU2NDAzNjAxLCJqdGkiOiJlYzVkYmQxOGRhMmU0YTQ4ODMxYzE0NjdlMjdjNDBkNSIsInVzZXJfaWQiOiIzIn0.OtwAm_83lDgvnS95YrAzCsGVOlGuEEM8_Qg3mJoaTcI", "created_at": "2025-08-28T17:53:21.405Z", "expires_at": "2025-09-12T17:53:21Z"}}, {"model": "token_blacklist.outstandingtoken", "pk": 34, "fields": {"user": 1, "jti": "52741989a97d4dcb8ab9cf94be8d2a67", "token": "eyJhbGciOiJIUzI1NiIsInR5cCI6IkpXVCJ9.eyJ0b2tlbl90eXBlIjoicmVmcmVzaCIsImV4cCI6MTc1Nzc5MTgwMCwiaWF0IjoxNzU2NDk1ODAwLCJqdGkiOiI1Mjc0MTk4OWE5N2Q0ZGNiOGFiOWNmOTRiZThkMmE2NyIsInVzZXJfaWQiOiIxIn0.PdO_IyfBV1acnJLbDCMDmc0ABq60R2-H6UVrNjAr3PY", "created_at": "2025-08-29T19:30:00.453Z", "expires_at": "2025-09-13T19:30:00Z"}}, {"model": "token_blacklist.outstandingtoken", "pk": 35, "fields": {"user": 3, "jti": "08dbe15fb51d42f4bc56a9265e7a391e", "token": "eyJhbGciOiJIUzI1NiIsInR5cCI6IkpXVCJ9.eyJ0b2tlbl90eXBlIjoicmVmcmVzaCIsImV4cCI6MTc1Nzg0NjY1NywiaWF0IjoxNzU2NTUwNjU3LCJqdGkiOiIwOGRiZTE1ZmI1MWQ0MmY0YmM1NmE5MjY1ZTdhMzkxZSIsInVzZXJfaWQiOiIzIn0.cWdDs6y_zkwjoEtIYgpTs0oZdwbkItkOZRFsyocshN8", "created_at": "2025-08-30T10:44:17.491Z", "expires_at": "2025-09-14T10:44:17Z"}}, {"model": "token_blacklist.outstandingtoken", "pk": 36, "fields": {"user": 3, "jti": "96a179b5d1d24cdabfcb09059d882209", "token": "eyJhbGciOiJIUzI1NiIsInR5cCI6IkpXVCJ9.eyJ0b2tlbl90eXBlIjoicmVmcmVzaCIsImV4cCI6MTc1Nzg0NjY1OSwiaWF0IjoxNzU2NTUwNjU5LCJqdGkiOiI5NmExNzliNWQxZDI0Y2RhYmZjYjA5MDU5ZDg4MjIwOSIsInVzZXJfaWQiOiIzIn0.gpfmn2ZemcuaVPNV2XmF9q3ejs6Zgmf5BZzNbsRyYz0", "created_at": "2025-08-30T10:44:19.785Z", "expires_at": "2025-09-14T10:44:19Z"}}, {"model": "token_blacklist.outstandingtoken", "pk": 37, "fields": {"user": 3, "jti": "6597e26433db4802b2101d4d61f9ea89", "token": "eyJhbGciOiJIUzI1NiIsInR5cCI6IkpXVCJ9.eyJ0b2tlbl90eXBlIjoicmVmcmVzaCIsImV4cCI6MTc1Nzg0Njc0MSwiaWF0IjoxNzU2NTUwNzQxLCJqdGkiOiI2NTk3ZTI2NDMzZGI0ODAyYjIxMDFkNGQ2MWY5ZWE4OSIsInVzZXJfaWQiOiIzIn0.esADlyp3K8pBSpyHGt4OBNpnDhf-JxckS_eQ7jC5CKU", "created_at": "2025-08-30T10:45:41.637Z", "expires_at": "2025-09-14T10:45:41Z"}}, {"model": "token_blacklist.outstandingtoken", "pk": 38, "fields": {"user": 3, "jti": "0130a279f6eb47debcec20f726bc3808", "token": "eyJhbGciOiJIUzI1NiIsInR5cCI6IkpXVCJ9.eyJ0b2tlbl90eXBlIjoicmVmcmVzaCIsImV4cCI6MTc1Nzg1OTk3MCwiaWF0IjoxNzU2NTYzOTcwLCJqdGkiOiIwMTMwYTI3OWY2ZWI0N2RlYmNlYzIwZjcyNmJjMzgwOCIsInVzZXJfaWQiOiIzIn0.7hzyLSOJUjOOxB4vA9fMoV5NLOTgHpym1KeWjHJlAXA", "created_at": "2025-08-30T14:26:10.151Z", "expires_at": "2025-09-14T14:26:10Z"}}, {"model": "token_blacklist.outstandingtoken", "pk": 39, "fields": {"user": 3, "jti": "c5b840c0fd644ef98d03d59b8f083518", "token": "eyJhbGciOiJIUzI1NiIsInR5cCI6IkpXVCJ9.eyJ0b2tlbl90eXBlIjoicmVmcmVzaCIsImV4cCI6MTc1Nzg3NTM5MSwiaWF0IjoxNzU2NTc5MzkxLCJqdGkiOiJjNWI4NDBjMGZkNjQ0ZWY5OGQwM2Q1OWI4ZjA4MzUxOCIsInVzZXJfaWQiOiIzIn0.Y6YJ956OQE1RHVFibsg6RTnR6TbjwzTn0FqdH2lRNrM", "created_at": "2025-08-30T18:43:11.150Z", "expires_at": "2025-09-14T18:43:11Z"}}, {"model": "token_blacklist.outstandingtoken", "pk": 40, "fields": {"user": 3, "jti": "51d6a965237d426f8fdb38ed2bc1ac30", "token": "eyJhbGciOiJIUzI1NiIsInR5cCI6IkpXVCJ9.eyJ0b2tlbl90eXBlIjoicmVmcmVzaCIsImV4cCI6MTc1Nzg3NTU4NSwiaWF0IjoxNzU2NTc5NTg1LCJqdGkiOiI1MWQ2YTk2NTIzN2Q0MjZmOGZkYjM4ZWQyYmMxYWMzMCIsInVzZXJfaWQiOiIzIn0.34PP0sA9790bLl-cWyzkT_TyX2VYvcj69l-3tjeS1Z8", "created_at": "2025-08-30T18:46:25.884Z", "expires_at": "2025-09-14T18:46:25Z"}}, {"model": "token_blacklist.outstandingtoken", "pk": 41, "fields": {"user": 3, "jti": "c0830ec650a341929111cfa97983b320", "token": "eyJhbGciOiJIUzI1NiIsInR5cCI6IkpXVCJ9.eyJ0b2tlbl90eXBlIjoicmVmcmVzaCIsImV4cCI6MTc1Nzg3NTcwMywiaWF0IjoxNzU2NTc5NzAzLCJqdGkiOiJjMDgzMGVjNjUwYTM0MTkyOTExMWNmYTk3OTgzYjMyMCIsInVzZXJfaWQiOiIzIn0.6WUdHhIVpeFk4JMigR5tFWpJC4Nb5FfGzCwfbG0VKlc", "created_at": "2025-08-30T18:48:23.554Z", "expires_at": "2025-09-14T18:48:23Z"}}, {"model": "token_blacklist.outstandingtoken", "pk": 42, "fields": {"user": 3, "jti": "0308fb877af74905accb399a9ede7b40", "token": "eyJhbGciOiJIUzI1NiIsInR5cCI6IkpXVCJ9.eyJ0b2tlbl90eXBlIjoicmVmcmVzaCIsImV4cCI6MTc1Nzg3ODA4NiwiaWF0IjoxNzU2NTgyMDg2LCJqdGkiOiIwMzA4ZmI4NzdhZjc0OTA1YWNjYjM5OWE5ZWRlN2I0MCIsInVzZXJfaWQiOiIzIn0.YzXPD7kwt6XgqNfIKuJsMDbHTdunenqmeRSBmt6M1Kc", "created_at": "2025-08-30T19:28:06.592Z", "expires_at": "2025-09-14T19:28:06Z"}}, {"model": "token_blacklist.outstandingtoken", "pk": 43, "fields": {"user": 3, "jti": "a2ffe63f3bf245fca69e5f42103157e5", "token": "eyJhbGciOiJIUzI1NiIsInR5cCI6IkpXVCJ9.eyJ0b2tlbl90eXBlIjoicmVmcmVzaCIsImV4cCI6MTc1NzkxMTc4NiwiaWF0IjoxNzU2NjE1Nzg2LCJqdGkiOiJhMmZmZTYzZjNiZjI0NWZjYTY5ZTVmNDIxMDMxNTdlNSIsInVzZXJfaWQiOiIzIn0.JB9g6caCZRXu_K-5n7mja2CpJLwCZCdC8EqeVRGGzsk", "created_at": "2025-08-31T04:49:46.869Z", "expires_at": "2025-09-15T04:49:46Z"}}, {"model": "token_blacklist.outstandingtoken", "pk": 44, "fields": {"user": 1, "jti": "c9b39b608dab42cb83c4dbc9416d2266", "token": "eyJhbGciOiJIUzI1NiIsInR5cCI6IkpXVCJ9.eyJ0b2tlbl90eXBlIjoicmVmcmVzaCIsImV4cCI6MTc1NzkxOTgxNSwiaWF0IjoxNzU2NjIzODE1LCJqdGkiOiJjOWIzOWI2MDhkYWI0MmNiODNjNGRiYzk0MTZkMjI2NiIsInVzZXJfaWQiOiIxIn0.f7hbxs9qm04W-AzhUOz91Vp4jlGR2woH_M9mZCp6xJQ", "created_at": "2025-08-31T07:03:35.085Z", "expires_at": "2025-09-15T07:03:35Z"}}, {"model": "token_blacklist.outstandingtoken", "pk": 45, "fields": {"user": 3, "jti": "a31ba4902e8e41b29acd3d8b3616eb4b", "token": "eyJhbGciOiJIUzI1NiIsInR5cCI6IkpXVCJ9.eyJ0b2tlbl90eXBlIjoicmVmcmVzaCIsImV4cCI6MTc1NzkyMDA5OCwiaWF0IjoxNzU2NjI0MDk4LCJqdGkiOiJhMzFiYTQ5MDJlOGU0MWIyOWFjZDNkOGIzNjE2ZWI0YiIsInVzZXJfaWQiOiIzIn0.X-SavQomuaJ3DVz2BHRA0YJozXdukZ6wEI3YrLi9d7o", "created_at": "2025-08-31T07:08:18.583Z", "expires_at": "2025-09-15T07:08:18Z"}}, {"model": "token_blacklist.outstandingtoken", "pk": 46, "fields": {"user": 3, "jti": "c520961c2283435d8686eb5b038d537f", "token": "eyJhbGciOiJIUzI1NiIsInR5cCI6IkpXVCJ9.eyJ0b2tlbl90eXBlIjoicmVmcmVzaCIsImV4cCI6MTc1NzkyMTY0NCwiaWF0IjoxNzU2NjI1NjQ0LCJqdGkiOiJjNTIwOTYxYzIyODM0MzVkODY4NmViNWIwMzhkNTM3ZiIsInVzZXJfaWQiOiIzIn0.Qcw0mwE-H0HkBjnDNGjASOji-KCcz5YvqULB40-ugQA", "created_at": "2025-08-31T07:34:04.454Z", "expires_at": "2025-09-15T07:34:04Z"}}, {"model": "token_blacklist.outstandingtoken", "pk": 47, "fields": {"user": 1, "jti": "28519047165a45cb9f3cf8f48fff16ac", "token": "eyJhbGciOiJIUzI1NiIsInR5cCI6IkpXVCJ9.eyJ0b2tlbl90eXBlIjoicmVmcmVzaCIsImV4cCI6MTc1NzkyMjA1MSwiaWF0IjoxNzU2NjI2MDUxLCJqdGkiOiIyODUxOTA0NzE2NWE0NWNiOWYzY2Y4ZjQ4ZmZmMTZhYyIsInVzZXJfaWQiOiIxIn0.kugggv60dqipYLfW22Kx_O_2ztV9_6R7bS2cHOGFppw", "created_at": "2025-08-31T07:40:51.253Z", "expires_at": "2025-09-15T07:40:51Z"}}, {"model": "token_blacklist.outstandingtoken", "pk": 48, "fields": {"user": 3, "jti": "0b6a9f28d0694258bae379f01075f72b", "token": "eyJhbGciOiJIUzI1NiIsInR5cCI6IkpXVCJ9.eyJ0b2tlbl90eXBlIjoicmVmcmVzaCIsImV4cCI6MTc1NzkyMjA3OCwiaWF0IjoxNzU2NjI2MDc4LCJqdGkiOiIwYjZhOWYyOGQwNjk0MjU4YmFlMzc5ZjAxMDc1ZjcyYiIsInVzZXJfaWQiOiIzIn0.L4oQdGPsePDnKC2Ra11j8XU5Kkt94x1RMbeuF6bnfaU", "created_at": "2025-08-31T07:41:18.467Z", "expires_at": "2025-09-15T07:41:18Z"}}, {"model": "token_blacklist.outstandingtoken", "pk": 49, "fields": {"user": 3, "jti": "6b7028c994b64106bf77438607ad43b8", "token": "eyJhbGciOiJIUzI1NiIsInR5cCI6IkpXVCJ9.eyJ0b2tlbl90eXBlIjoicmVmcmVzaCIsImV4cCI6MTc1NzkyMzQ4OSwiaWF0IjoxNzU2NjI3NDg5LCJqdGkiOiI2YjcwMjhjOTk0YjY0MTA2YmY3NzQzODYwN2FkNDNiOCIsInVzZXJfaWQiOiIzIn0.abYtZ86rorFRZB3r220HKBcp3-q5Jbu-0fRN_XlUDy8", "created_at": "2025-08-31T08:04:49.649Z", "expires_at": "2025-09-15T08:04:49Z"}}, {"model": "token_blacklist.outstandingtoken", "pk": 50, "fields": {"user": 1, "jti": "0ecedd49cbf44cb3b0c5660b688d3b25", "token": "eyJhbGciOiJIUzI1NiIsInR5cCI6IkpXVCJ9.eyJ0b2tlbl90eXBlIjoicmVmcmVzaCIsImV4cCI6MTc1NzkyMzUxMywiaWF0IjoxNzU2NjI3NTEzLCJqdGkiOiIwZWNlZGQ0OWNiZjQ0Y2IzYjBjNTY2MGI2ODhkM2IyNSIsInVzZXJfaWQiOiIxIn0.pBDch9ebovQ0sAoFcfWvEHmrBU-8SL90VdEdc-tRvQc", "created_at": "2025-08-31T08:05:13.078Z", "expires_at": "2025-09-15T08:05:13Z"}}, {"model": "token_blacklist.outstandingtoken", "pk": 51, "fields": {"user": 3, "jti": "13ac498d8f5b43aa9b104139184e04ab", "token": "eyJhbGciOiJIUzI1NiIsInR5cCI6IkpXVCJ9.eyJ0b2tlbl90eXBlIjoicmVmcmVzaCIsImV4cCI6MTc1NzkyMzYwMywiaWF0IjoxNzU2NjI3NjAzLCJqdGkiOiIxM2FjNDk4ZDhmNWI0M2FhOWIxMDQxMzkxODRlMDRhYiIsInVzZXJfaWQiOiIzIn0.xB9utxISrXXR4xIgo3P5diA7hqkEIogiIv1PdB3xefg", "created_at": "2025-08-31T08:06:43.340Z", "expires_at": "2025-09-15T08:06:43Z"}}, {"model": "token_blacklist.outstandingtoken", "pk": 52, "fields": {"user": 3, "jti": "6039c2f09ad844c9bb9e44f1097cec76", "token": "eyJhbGciOiJIUzI1NiIsInR5cCI6IkpXVCJ9.eyJ0b2tlbl90eXBlIjoicmVmcmVzaCIsImV4cCI6MTc1NzkyNDE2MCwiaWF0IjoxNzU2NjI4MTYwLCJqdGkiOiI2MDM5YzJmMDlhZDg0NGM5YmI5ZTQ0ZjEwOTdjZWM3NiIsInVzZXJfaWQiOiIzIn0.1ZCDYaMvTQSCGkwyw2UFyc5K3v7DzQhUx-u6wWoSjRs", "created_at": "2025-08-31T08:16:00.000Z", "expires_at": "2025-09-15T08:16:00Z"}}, {"model": "token_blacklist.outstandingtoken", "pk": 53, "fields": {"user": 3, "jti": "b7185b1076c642d1bcbf1df37501a5b4", "token": "eyJhbGciOiJIUzI1NiIsInR5cCI6IkpXVCJ9.eyJ0b2tlbl90eXBlIjoicmVmcmVzaCIsImV4cCI6MTc1NzkyNDIyMywiaWF0IjoxNzU2NjI4MjIzLCJqdGkiOiJiNzE4NWIxMDc2YzY0MmQxYmNiZjFkZjM3NTAxYTViNCIsInVzZXJfaWQiOiIzIn0.iS1plqO79t4-WSx2clK25pIkOK8rMXRcFZdAkqFv-mg", "created_at": "2025-08-31T08:17:03.426Z", "expires_at": "2025-09-15T08:17:03Z"}}, {"model": "token_blacklist.outstandingtoken", "pk": 54, "fields": {"user": 3, "jti": "e854fea637e943628cd4fb7c2cbaf8a9", "token": "eyJhbGciOiJIUzI1NiIsInR5cCI6IkpXVCJ9.eyJ0b2tlbl90eXBlIjoicmVmcmVzaCIsImV4cCI6MTc1NzkyNDIyMywiaWF0IjoxNzU2NjI4MjIzLCJqdGkiOiJlODU0ZmVhNjM3ZTk0MzYyOGNkNGZiN2MyY2JhZjhhOSIsInVzZXJfaWQiOiIzIn0.79kVQpe_3TnwCnUoToODFEtOfB-K40u-cegiRxWuKQ8", "created_at": "2025-08-31T08:17:03.609Z", "expires_at": "2025-09-15T08:17:03Z"}}, {"model": "token_blacklist.outstandingtoken", "pk": 55, "fields": {"user": 3, "jti": "7acab7d5722c4d84bc5558cbe016707a", "token": "eyJhbGciOiJIUzI1NiIsInR5cCI6IkpXVCJ9.eyJ0b2tlbl90eXBlIjoicmVmcmVzaCIsImV4cCI6MTc1NzkyNDIyMywiaWF0IjoxNzU2NjI4MjIzLCJqdGkiOiI3YWNhYjdkNTcyMmM0ZDg0YmM1NTU4Y2JlMDE2NzA3YSIsInVzZXJfaWQiOiIzIn0.1LLYimcCHdujFvWR-qSWrfcYIS0-4dUR3CYkgvRNxnw", "created_at": "2025-08-31T08:17:03.674Z", "expires_at": "2025-09-15T08:17:03Z"}}, {"model": "token_blacklist.outstandingtoken", "pk": 56, "fields": {"user": 3, "jti": "04ed59f3f0ad49baa954efe8ec6c2926", "token": "eyJhbGciOiJIUzI1NiIsInR5cCI6IkpXVCJ9.eyJ0b2tlbl90eXBlIjoicmVmcmVzaCIsImV4cCI6MTc1NzkyNDIyMywiaWF0IjoxNzU2NjI4MjIzLCJqdGkiOiIwNGVkNTlmM2YwYWQ0OWJhYTk1NGVmZThlYzZjMjkyNiIsInVzZXJfaWQiOiIzIn0.Qeihl36YP33t0WCrqcwJ7GJroqMpfqD_BCqjY7VmctI", "created_at": "2025-08-31T08:17:03.683Z", "expires_at": "2025-09-15T08:17:03Z"}}, {"model": "token_blacklist.outstandingtoken", "pk": 57, "fields": {"user": 3, "jti": "be0860d1276846bca60d7ce994c5c24a", "token": "eyJhbGciOiJIUzI1NiIsInR5cCI6IkpXVCJ9.eyJ0b2tlbl90eXBlIjoicmVmcmVzaCIsImV4cCI6MTc1NzkyNDIyMywiaWF0IjoxNzU2NjI4MjIzLCJqdGkiOiJiZTA4NjBkMTI3Njg0NmJjYTYwZDdjZTk5NGM1YzI0YSIsInVzZXJfaWQiOiIzIn0.xGt-f8xazDedIappMjmcOi_nJxVH7T6mK-WHaBP8xxA", "created_at": "2025-08-31T08:17:03.715Z", "expires_at": "2025-09-15T08:17:03Z"}}, {"model": "token_blacklist.outstandingtoken", "pk": 58, "fields": {"user": 3, "jti": "279cf5a6c75b44a6b42f9d99605c5721", "token": "eyJhbGciOiJIUzI1NiIsInR5cCI6IkpXVCJ9.eyJ0b2tlbl90eXBlIjoicmVmcmVzaCIsImV4cCI6MTc1NzkyNDIyMywiaWF0IjoxNzU2NjI4MjIzLCJqdGkiOiIyNzljZjVhNmM3NWI0NGE2YjQyZjlkOTk2MDVjNTcyMSIsInVzZXJfaWQiOiIzIn0.rikAYQ--d34NWUXFbIQNLdUuk2eYdexB9DAYkHlYZ7g", "created_at": "2025-08-31T08:17:03.851Z", "expires_at": "2025-09-15T08:17:03Z"}}, {"model": "token_blacklist.outstandingtoken", "pk": 59, "fields": {"user": 3, "jti": "1b1c45e3e4dd479b946b1569ba393094", "token": "eyJhbGciOiJIUzI1NiIsInR5cCI6IkpXVCJ9.eyJ0b2tlbl90eXBlIjoicmVmcmVzaCIsImV4cCI6MTc1NzkyNDIyNCwiaWF0IjoxNzU2NjI4MjI0LCJqdGkiOiIxYjFjNDVlM2U0ZGQ0NzliOTQ2YjE1NjliYTM5MzA5NCIsInVzZXJfaWQiOiIzIn0.Jazv4j03NHaNxb4BhDqHrzd5qyuQqYFl1RIG3D1TYy4", "created_at": "2025-08-31T08:17:04.551Z", "expires_at": "2025-09-15T08:17:04Z"}}, {"model": "token_blacklist.outstandingtoken", "pk": 60, "fields": {"user": 3, "jti": "a95582001b88494d92947ea9e8aedc0e", "token": "eyJhbGciOiJIUzI1NiIsInR5cCI6IkpXVCJ9.eyJ0b2tlbl90eXBlIjoicmVmcmVzaCIsImV4cCI6MTc1NzkyNDIyNCwiaWF0IjoxNzU2NjI4MjI0LCJqdGkiOiJhOTU1ODIwMDFiODg0OTRkOTI5NDdlYTllOGFlZGMwZSIsInVzZXJfaWQiOiIzIn0.PEqnzd2faqBz5snPjo5N_Yai5ol0mbzAEmpN7ifVWlQ", "created_at": "2025-08-31T08:17:04.886Z", "expires_at": "2025-09-15T08:17:04Z"}}, {"model": "token_blacklist.outstandingtoken", "pk": 61, "fields": {"user": 3, "jti": "2eb7b5dd17bc48dbb75db9ab8586581e", "token": "eyJhbGciOiJIUzI1NiIsInR5cCI6IkpXVCJ9.eyJ0b2tlbl90eXBlIjoicmVmcmVzaCIsImV4cCI6MTc1NzkyNDIyNCwiaWF0IjoxNzU2NjI4MjI0LCJqdGkiOiIyZWI3YjVkZDE3YmM0OGRiYjc1ZGI5YWI4NTg2NTgxZSIsInVzZXJfaWQiOiIzIn0.k0okZm_kXLCq8letgQwWBighH70nTHIv4ZZmIXHgPb0", "created_at": "2025-08-31T08:17:04.973Z", "expires_at": "2025-09-15T08:17:04Z"}}, {"model": "token_blacklist.outstandingtoken", "pk": 62, "fields": {"user": 3, "jti": "2f32c4f73d91424fa08ab170bdcb7b44", "token": "eyJhbGciOiJIUzI1NiIsInR5cCI6IkpXVCJ9.eyJ0b2tlbl90eXBlIjoicmVmcmVzaCIsImV4cCI6MTc1NzkyNDIyNSwiaWF0IjoxNzU2NjI4MjI1LCJqdGkiOiIyZjMyYzRmNzNkOTE0MjRmYTA4YWIxNzBiZGNiN2I0NCIsInVzZXJfaWQiOiIzIn0.iVs9bilovPGiX1jQCl1_PI9mxMpEze-wElFnkOxl5rs", "created_at": "2025-08-31T08:17:05.188Z", "expires_at": "2025-09-15T08:17:05Z"}}, {"model": "token_blacklist.outstandingtoken", "pk": 63, "fields": {"user": 3, "jti": "5dcc276014f548148e9b08cb64ffa041", "token": "eyJhbGciOiJIUzI1NiIsInR5cCI6IkpXVCJ9.eyJ0b2tlbl90eXBlIjoicmVmcmVzaCIsImV4cCI6MTc1NzkyNDIyNSwiaWF0IjoxNzU2NjI4MjI1LCJqdGkiOiI1ZGNjMjc2MDE0ZjU0ODE0OGU5YjA4Y2I2NGZmYTA0MSIsInVzZXJfaWQiOiIzIn0.GDI9cxy53uPQmk1-4wC8X3lKtqv6PUN78THh-TNYNM4", "created_at": "2025-08-31T08:17:05.197Z", "expires_at": "2025-09-15T08:17:05Z"}}, {"model": "token_blacklist.outstandingtoken", "pk": 64, "fields": {"user": 3, "jti": "ecfba56ed0d14de88144f8c753eef651", "token": "eyJhbGciOiJIUzI1NiIsInR5cCI6IkpXVCJ9.eyJ0b2tlbl90eXBlIjoicmVmcmVzaCIsImV4cCI6MTc1NzkyNDIyNSwiaWF0IjoxNzU2NjI4MjI1LCJqdGkiOiJlY2ZiYTU2ZWQwZDE0ZGU4ODE0NGY4Yzc1M2VlZjY1MSIsInVzZXJfaWQiOiIzIn0.5HdXVhZxRRKwAxxlb4wJW_-X6nYlIZW359AWdNn9zNo", "created_at": "2025-08-31T08:17:05.594Z", "expires_at": "2025-09-15T08:17:05Z"}}, {"model": "token_blacklist.outstandingtoken", "pk": 65, "fields": {"user": 3, "jti": "bd2c5213be1d4bab9015d526db9d3644", "token": "eyJhbGciOiJIUzI1NiIsInR5cCI6IkpXVCJ9.eyJ0b2tlbl90eXBlIjoicmVmcmVzaCIsImV4cCI6MTc1NzkyNDI0MywiaWF0IjoxNzU2NjI4MjQzLCJqdGkiOiJiZDJjNTIxM2JlMWQ0YmFiOTAxNWQ1MjZkYjlkMzY0NCIsInVzZXJfaWQiOiIzIn0.O9Vi1jJY9grZbm2X0grfVEcYaHUOojRiyqZ3WxfuGIE", "created_at": "2025-08-31T08:17:23.569Z", "expires_at": "2025-09-15T08:17:23Z"}}, {"model": "token_blacklist.outstandingtoken", "pk": 66, "fields": {"user": 1, "jti": "ace7dea1294d4ea7b7c517a7ff2f171b", "token": "eyJhbGciOiJIUzI1NiIsInR5cCI6IkpXVCJ9.eyJ0b2tlbl90eXBlIjoicmVmcmVzaCIsImV4cCI6MTc1NzkyNDYxMCwiaWF0IjoxNzU2NjI4NjEwLCJqdGkiOiJhY2U3ZGVhMTI5NGQ0ZWE3YjdjNTE3YTdmZjJmMTcxYiIsInVzZXJfaWQiOiIxIn0.-tT93Km038wuCJ6uxs8HYGM8svV7rkGU9kTKEPiG5h0", "created_at": "2025-08-31T08:23:30.406Z", "expires_at": "2025-09-15T08:23:30Z"}}, {"model": "token_blacklist.outstandingtoken", "pk": 67, "fields": {"user": 1, "jti": "baf20fef903943d7b2c6182511d96aae", "token": "eyJhbGciOiJIUzI1NiIsInR5cCI6IkpXVCJ9.eyJ0b2tlbl90eXBlIjoicmVmcmVzaCIsImV4cCI6MTc1NzkyNzgxNSwiaWF0IjoxNzU2NjMxODE1LCJqdGkiOiJiYWYyMGZlZjkwMzk0M2Q3YjJjNjE4MjUxMWQ5NmFhZSIsInVzZXJfaWQiOiIxIn0.Zd7jNfWUj1_34TMnIwYjjMYcjsjHEcIYU3jpJpT1XJ4", "created_at": "2025-08-31T09:16:55.023Z", "expires_at": "2025-09-15T09:16:55Z"}}, {"model": "token_blacklist.outstandingtoken", "pk": 68, "fields": {"user": 3, "jti": "7799f40e959441bebd49845a10d9c294", "token": "eyJhbGciOiJIUzI1NiIsInR5cCI6IkpXVCJ9.eyJ0b2tlbl90eXBlIjoicmVmcmVzaCIsImV4cCI6MTc1NzkyNzk0MywiaWF0IjoxNzU2NjMxOTQzLCJqdGkiOiI3Nzk5ZjQwZTk1OTQ0MWJlYmQ0OTg0NWExMGQ5YzI5NCIsInVzZXJfaWQiOiIzIn0.3-I7Cy2T8FSM9i3FoPHJFRb-WEaBYmBiLDoFs4hto8s", "created_at": "2025-08-31T09:19:03.121Z", "expires_at": "2025-09-15T09:19:03Z"}}, {"model": "token_blacklist.outstandingtoken", "pk": 69, "fields": {"user": 1, "jti": "ac5a8da5df4e498d8449d066a78989f8", "token": "eyJhbGciOiJIUzI1NiIsInR5cCI6IkpXVCJ9.eyJ0b2tlbl90eXBlIjoicmVmcmVzaCIsImV4cCI6MTc1NzkyODYxNCwiaWF0IjoxNzU2NjMyNjE0LCJqdGkiOiJhYzVhOGRhNWRmNGU0OThkODQ0OWQwNjZhNzg5ODlmOCIsInVzZXJfaWQiOiIxIn0.sD12j7_7r8EldCqkwdzqw_-6qA0oOLWKpwJKl1Pf1rY", "created_at": "2025-08-31T09:30:14.250Z", "expires_at": "2025-09-15T09:30:14Z"}}, {"model": "token_blacklist.outstandingtoken", "pk": 70, "fields": {"user": 3, "jti": "37527abe4b654bf7b60c050c043cb156", "token": "eyJhbGciOiJIUzI1NiIsInR5cCI6IkpXVCJ9.eyJ0b2tlbl90eXBlIjoicmVmcmVzaCIsImV4cCI6MTc1NzkyOTY2NiwiaWF0IjoxNzU2NjMzNjY2LCJqdGkiOiIzNzUyN2FiZTRiNjU0YmY3YjYwYzA1MGMwNDNjYjE1NiIsInVzZXJfaWQiOiIzIn0.rDkmF4Zmn5yD_HWwNYwH-z4lSXIpbUrQzLxPb_DAClU", "created_at": "2025-08-31T09:47:46.631Z", "expires_at": "2025-09-15T09:47:46Z"}}, {"model": "token_blacklist.outstandingtoken", "pk": 71, "fields": {"user": 1, "jti": "5491bd8bd6a243d9892f5783fbf8b78d", "token": "eyJhbGciOiJIUzI1NiIsInR5cCI6IkpXVCJ9.eyJ0b2tlbl90eXBlIjoicmVmcmVzaCIsImV4cCI6MTc1NzkyOTc2NiwiaWF0IjoxNzU2NjMzNzY2LCJqdGkiOiI1NDkxYmQ4YmQ2YTI0M2Q5ODkyZjU3ODNmYmY4Yjc4ZCIsInVzZXJfaWQiOiIxIn0.sVvRpW9r2Qp85XZm2pvpsi9JvDP_EFV1N_86LTeVpSU", "created_at": "2025-08-31T09:49:26.875Z", "expires_at": "2025-09-15T09:49:26Z"}}, {"model": "token_blacklist.outstandingtoken", "pk": 72, "fields": {"user": 3, "jti": "bf73a2ace4854e94a38da4d890d18e9f", "token": "eyJhbGciOiJIUzI1NiIsInR5cCI6IkpXVCJ9.eyJ0b2tlbl90eXBlIjoicmVmcmVzaCIsImV4cCI6MTc1NzkzMDU5OSwiaWF0IjoxNzU2NjM0NTk5LCJqdGkiOiJiZjczYTJhY2U0ODU0ZTk0YTM4ZGE0ZDg5MGQxOGU5ZiIsInVzZXJfaWQiOiIzIn0.XSakulQ8HbZe0NCPI0WsYBrm-sSuGntulse0eZVdRr0", "created_at": "2025-08-31T10:03:19.812Z", "expires_at": "2025-09-15T10:03:19Z"}}, {"model": "token_blacklist.outstandingtoken", "pk": 73, "fields": {"user": 1, "jti": "58a96bb9f0024dc3969591daab6b5f41", "token": "eyJhbGciOiJIUzI1NiIsInR5cCI6IkpXVCJ9.eyJ0b2tlbl90eXBlIjoicmVmcmVzaCIsImV4cCI6MTc1NzkzMDY5NCwiaWF0IjoxNzU2NjM0Njk0LCJqdGkiOiI1OGE5NmJiOWYwMDI0ZGMzOTY5NTkxZGFhYjZiNWY0MSIsInVzZXJfaWQiOiIxIn0.pbvoAY6TDY5BQSG61IC9GL93QoAQPE4i1TO5P0GdbGM", "created_at": "2025-08-31T10:04:54.764Z", "expires_at": "2025-09-15T10:04:54Z"}}, {"model": "token_blacklist.outstandingtoken", "pk": 74, "fields": {"user": 3, "jti": "924515befbdc4d7384527e1401c49b43", "token": "eyJhbGciOiJIUzI1NiIsInR5cCI6IkpXVCJ9.eyJ0b2tlbl90eXBlIjoicmVmcmVzaCIsImV4cCI6MTc1NzkzMzQzMywiaWF0IjoxNzU2NjM3NDMzLCJqdGkiOiI5MjQ1MTViZWZiZGM0ZDczODQ1MjdlMTQwMWM0OWI0MyIsInVzZXJfaWQiOiIzIn0.lN6peJJwbn6FevUP7BAbcdxkVhi7LkHriL_l2FcCKgM", "created_at": "2025-08-31T10:50:33.699Z", "expires_at": "2025-09-15T10:50:33Z"}}, {"model": "token_blacklist.outstandingtoken", "pk": 75, "fields": {"user": 1, "jti": "25cbdeff2720425ca65e1f1953086db3", "token": "eyJhbGciOiJIUzI1NiIsInR5cCI6IkpXVCJ9.eyJ0b2tlbl90eXBlIjoicmVmcmVzaCIsImV4cCI6MTc1NzkzNDUzMSwiaWF0IjoxNzU2NjM4NTMxLCJqdGkiOiIyNWNiZGVmZjI3MjA0MjVjYTY1ZTFmMTk1MzA4NmRiMyIsInVzZXJfaWQiOiIxIn0.Lp9ZdYsXp0RFA4ruyd-eXW_x6cW5AzlhYNKuC0HGehg", "created_at": "2025-08-31T11:08:51.758Z", "expires_at": "2025-09-15T11:08:51Z"}}, {"model": "token_blacklist.outstandingtoken", "pk": 76, "fields": {"user": 3, "jti": "296493cc9eb14540a9253e66547bdd50", "token": "eyJhbGciOiJIUzI1NiIsInR5cCI6IkpXVCJ9.eyJ0b2tlbl90eXBlIjoicmVmcmVzaCIsImV4cCI6MTc1NzkzNTI0NSwiaWF0IjoxNzU2NjM5MjQ1LCJqdGkiOiIyOTY0OTNjYzllYjE0NTQwYTkyNTNlNjY1NDdiZGQ1MCIsInVzZXJfaWQiOiIzIn0.SLowROXUkzP_3C7I7hR-WAEIUrHa7cUQ9zIQ1YsrY1k", "created_at": "2025-08-31T11:20:45.015Z", "expires_at": "2025-09-15T11:20:45Z"}}, {"model": "token_blacklist.outstandingtoken", "pk": 77, "fields": {"user": 3, "jti": "13de2efae9e143abbbb9235dc09cefd4", "token": "eyJhbGciOiJIUzI1NiIsInR5cCI6IkpXVCJ9.eyJ0b2tlbl90eXBlIjoicmVmcmVzaCIsImV4cCI6MTc1NzkzNTI2NywiaWF0IjoxNzU2NjM5MjY3LCJqdGkiOiIxM2RlMmVmYWU5ZTE0M2FiYmJiOTIzNWRjMDljZWZkNCIsInVzZXJfaWQiOiIzIn0.n_HgamWxfypqYPHVZHFiP3wOyvFxZTTEyLR9KZoGDOQ", "created_at": "2025-08-31T11:21:07.399Z", "expires_at": "2025-09-15T11:21:07Z"}}, {"model": "token_blacklist.outstandingtoken", "pk": 78, "fields": {"user": 1, "jti": "a4599bce242746ee998280be4b898314", "token": "eyJhbGciOiJIUzI1NiIsInR5cCI6IkpXVCJ9.eyJ0b2tlbl90eXBlIjoicmVmcmVzaCIsImV4cCI6MTc1NzkzNTM4MywiaWF0IjoxNzU2NjM5MzgzLCJqdGkiOiJhNDU5OWJjZTI0Mjc0NmVlOTk4MjgwYmU0Yjg5ODMxNCIsInVzZXJfaWQiOiIxIn0.fNxWWiFg1qBfVDzCxt4LDX8h0NREmPXV3g7V3EaFF1I", "created_at": "2025-08-31T11:23:03.051Z", "expires_at": "2025-09-15T11:23:03Z"}}, {"model": "token_blacklist.outstandingtoken", "pk": 79, "fields": {"user": 3, "jti": "3668db941c624755848f43e76b895882", "token": "eyJhbGciOiJIUzI1NiIsInR5cCI6IkpXVCJ9.eyJ0b2tlbl90eXBlIjoicmVmcmVzaCIsImV4cCI6MTc1NzkzNTcwMiwiaWF0IjoxNzU2NjM5NzAyLCJqdGkiOiIzNjY4ZGI5NDFjNjI0NzU1ODQ4ZjQzZTc2Yjg5NTg4MiIsInVzZXJfaWQiOiIzIn0.h-jqhz4YsKw8JtVdDVDzd_fGDyaRFmZW-raJ-yU0-EM", "created_at": "2025-08-31T11:28:22.247Z", "expires_at": "2025-09-15T11:28:22Z"}}, {"model": "token_blacklist.outstandingtoken", "pk": 80, "fields": {"user": 1, "jti": "9859431e89014539a63091847a32ef4c", "token": "eyJhbGciOiJIUzI1NiIsInR5cCI6IkpXVCJ9.eyJ0b2tlbl90eXBlIjoicmVmcmVzaCIsImV4cCI6MTc1NzkzNTg3NywiaWF0IjoxNzU2NjM5ODc3LCJqdGkiOiI5ODU5NDMxZTg5MDE0NTM5YTYzMDkxODQ3YTMyZWY0YyIsInVzZXJfaWQiOiIxIn0.l7-MAC9SvxgYKG1DSgNlfXhpotUm9QGiNOVvXFrQI6Y", "created_at": "2025-08-31T11:31:17.121Z", "expires_at": "2025-09-15T11:31:17Z"}}, {"model": "token_blacklist.outstandingtoken", "pk": 81, "fields": {"user": 3, "jti": "49f5f1f556a94fe595be7e994094aab0", "token": "eyJhbGciOiJIUzI1NiIsInR5cCI6IkpXVCJ9.eyJ0b2tlbl90eXBlIjoicmVmcmVzaCIsImV4cCI6MTc1NzkzODUwNSwiaWF0IjoxNzU2NjQyNTA1LCJqdGkiOiI0OWY1ZjFmNTU2YTk0ZmU1OTViZTdlOTk0MDk0YWFiMCIsInVzZXJfaWQiOiIzIn0.KROQ_1NNszjdwwl62-wFu2S46dzlbUlk5rb9Yymztt0", "created_at": "2025-08-31T12:15:05.885Z", "expires_at": "2025-09-15T12:15:05Z"}}, {"model": "token_blacklist.outstandingtoken", "pk": 82, "fields": {"user": 1, "jti": "b3482df8460e471c9b6196612c85df4c", "token": "eyJhbGciOiJIUzI1NiIsInR5cCI6IkpXVCJ9.eyJ0b2tlbl90eXBlIjoicmVmcmVzaCIsImV4cCI6MTc1NzkzOTU5OCwiaWF0IjoxNzU2NjQzNTk4LCJqdGkiOiJiMzQ4MmRmODQ2MGU0NzFjOWI2MTk2NjEyYzg1ZGY0YyIsInVzZXJfaWQiOiIxIn0.HmAAWssLoHeRRAVxEscEzMaLuc3D7hb8jABEsscoYrI", "created_at": "2025-08-31T12:33:18.407Z", "expires_at": "2025-09-15T12:33:18Z"}}, {"model": "token_blacklist.outstandingtoken", "pk": 83, "fields": {"user": 3, "jti": "168089611c90428ca67f8e1fd392b48b", "token": "eyJhbGciOiJIUzI1NiIsInR5cCI6IkpXVCJ9.eyJ0b2tlbl90eXBlIjoicmVmcmVzaCIsImV4cCI6MTc1Nzk0MDA1MywiaWF0IjoxNzU2NjQ0MDUzLCJqdGkiOiIxNjgwODk2MTFjOTA0MjhjYTY3ZjhlMWZkMzkyYjQ4YiIsInVzZXJfaWQiOiIzIn0.KL7DXemvnma_mMl-AzbLsdFZCBb60CAuLkZMt2n3eFo", "created_at": "2025-08-31T12:40:53.969Z", "expires_at": "2025-09-15T12:40:53Z"}}, {"model": "token_blacklist.outstandingtoken", "pk": 84, "fields": {"user": 12, "jti": "8d4dc0bc8f944ea281fdf677282507f6", "token": "eyJhbGciOiJIUzI1NiIsInR5cCI6IkpXVCJ9.eyJ0b2tlbl90eXBlIjoicmVmcmVzaCIsImV4cCI6MTc1Nzk0MDkzMiwiaWF0IjoxNzU2NjQ0OTMyLCJqdGkiOiI4ZDRkYzBiYzhmOTQ0ZWEyODFmZGY2NzcyODI1MDdmNiIsInVzZXJfaWQiOiIxMiJ9.ZNmnbiPwXMVW8fRTGsnZx_OqmTReWI7-ShddJyb1UrM", "created_at": "2025-08-31T12:55:32.923Z", "expires_at": "2025-09-15T12:55:32Z"}}, {"model": "token_blacklist.outstandingtoken", "pk": 85, "fields": {"user": 12, "jti": "88a93326149f47eab842e98f3a1228d6", "token": "eyJhbGciOiJIUzI1NiIsInR5cCI6IkpXVCJ9.eyJ0b2tlbl90eXBlIjoicmVmcmVzaCIsImV4cCI6MTc1Nzk0MTEwOCwiaWF0IjoxNzU2NjQ1MTA4LCJqdGkiOiI4OGE5MzMyNjE0OWY0N2VhYjg0MmU5OGYzYTEyMjhkNiIsInVzZXJfaWQiOiIxMiJ9.z1YwDTMTePwT2Gb_GsKm_kjfwZao4ZSs1VtJ-iZiCGA", "created_at": "2025-08-31T12:58:28.462Z", "expires_at": "2025-09-15T12:58:28Z"}}, {"model": "token_blacklist.outstandingtoken", "pk": 86, "fields": {"user": 12, "jti": "e68eb4950f754bb4b276e841a567c716", "token": "eyJhbGciOiJIUzI1NiIsInR5cCI6IkpXVCJ9.eyJ0b2tlbl90eXBlIjoicmVmcmVzaCIsImV4cCI6MTc1Nzk0MTEwOSwiaWF0IjoxNzU2NjQ1MTA5LCJqdGkiOiJlNjhlYjQ5NTBmNzU0YmI0YjI3NmU4NDFhNTY3YzcxNiIsInVzZXJfaWQiOiIxMiJ9.4F6LCMOxFFvx3eEKG1COnbhhcMcs_gz9XZlUeqcwx9Q", "created_at": "2025-08-31T12:58:29.627Z", "expires_at": "2025-09-15T12:58:29Z"}}, {"model": "token_blacklist.outstandingtoken", "pk": 87, "fields": {"user": 12, "jti": "78d2a779b438456297bbe99e5277fcde", "token": "eyJhbGciOiJIUzI1NiIsInR5cCI6IkpXVCJ9.eyJ0b2tlbl90eXBlIjoicmVmcmVzaCIsImV4cCI6MTc1Nzk1NjQ0OCwiaWF0IjoxNzU2NjYwNDQ4LCJqdGkiOiI3OGQyYTc3OWI0Mzg0NTYyOTdiYmU5OWU1Mjc3ZmNkZSIsInVzZXJfaWQiOiIxMiJ9.Vq5sm6CWUmqLCE_QMl2ELYIJJnCLiACrKwmp-9wQaJQ", "created_at": "2025-08-31T17:14:08.790Z", "expires_at": "2025-09-15T17:14:08Z"}}, {"model": "token_blacklist.outstandingtoken", "pk": 88, "fields": {"user": 12, "jti": "1e0e032fcf6e4bcea98bf28fe403a767", "token": "eyJhbGciOiJIUzI1NiIsInR5cCI6IkpXVCJ9.eyJ0b2tlbl90eXBlIjoicmVmcmVzaCIsImV4cCI6MTc1Nzk1NjY2MSwiaWF0IjoxNzU2NjYwNjYxLCJqdGkiOiIxZTBlMDMyZmNmNmU0YmNlYTk4YmYyOGZlNDAzYTc2NyIsInVzZXJfaWQiOiIxMiJ9.synznWvHaHjBylHJMqyeI2MBQ9AepwSkJgWHBhjg43c", "created_at": "2025-08-31T17:17:41.048Z", "expires_at": "2025-09-15T17:17:41Z"}}, {"model": "token_blacklist.outstandingtoken", "pk": 89, "fields": {"user": 1, "jti": "fce1f587338f448a8cddb26fe57f9932", "token": "eyJhbGciOiJIUzI1NiIsInR5cCI6IkpXVCJ9.eyJ0b2tlbl90eXBlIjoicmVmcmVzaCIsImV4cCI6MTc1Nzk1NzUxMiwiaWF0IjoxNzU2NjYxNTEyLCJqdGkiOiJmY2UxZjU4NzMzOGY0NDhhOGNkZGIyNmZlNTdmOTkzMiIsInVzZXJfaWQiOiIxIn0.mhnUdD1sREYTs8Fi1fi_Sbucl7LsIVPrrijHU_nErQc", "created_at": "2025-08-31T17:31:52.532Z", "expires_at": "2025-09-15T17:31:52Z"}}, {"model": "token_blacklist.outstandingtoken", "pk": 90, "fields": {"user": 12, "jti": "d586c8ec5f3b4870861439fd45ca8f5b", "token": "eyJhbGciOiJIUzI1NiIsInR5cCI6IkpXVCJ9.eyJ0b2tlbl90eXBlIjoicmVmcmVzaCIsImV4cCI6MTc1Nzk1NzYxMSwiaWF0IjoxNzU2NjYxNjExLCJqdGkiOiJkNTg2YzhlYzVmM2I0ODcwODYxNDM5ZmQ0NWNhOGY1YiIsInVzZXJfaWQiOiIxMiJ9.NSs5dyAqaes6gbXjgXAmsPF-5-PuwlfZgVJEC1wgaV8", "created_at": "2025-08-31T17:33:31.575Z", "expires_at": "2025-09-15T17:33:31Z"}}, {"model": "token_blacklist.outstandingtoken", "pk": 91, "fields": {"user": 12, "jti": "dbb0b336e6dc4317ae937aa641c1f929", "token": "eyJhbGciOiJIUzI1NiIsInR5cCI6IkpXVCJ9.eyJ0b2tlbl90eXBlIjoicmVmcmVzaCIsImV4cCI6MTc1Nzk1NzYxMiwiaWF0IjoxNzU2NjYxNjEyLCJqdGkiOiJkYmIwYjMzNmU2ZGM0MzE3YWU5MzdhYTY0MWMxZjkyOSIsInVzZXJfaWQiOiIxMiJ9.GFwjFxbP2Ws_pESLHug4HoIcpnT3rbmorlz4hLnx5uM", "created_at": "2025-08-31T17:33:32.611Z", "expires_at": "2025-09-15T17:33:32Z"}}, {"model": "token_blacklist.outstandingtoken", "pk": 92, "fields": {"user": 1, "jti": "598d131e9a144077b1b51c6912a48cfe", "token": "eyJhbGciOiJIUzI1NiIsInR5cCI6IkpXVCJ9.eyJ0b2tlbl90eXBlIjoicmVmcmVzaCIsImV4cCI6MTc1Nzk1NzY5NCwiaWF0IjoxNzU2NjYxNjk0LCJqdGkiOiI1OThkMTMxZTlhMTQ0MDc3YjFiNTFjNjkxMmE0OGNmZSIsInVzZXJfaWQiOiIxIn0.q_Hqu06JpsEDSD8Uo834BjHBpqLeK7gwIxXyXuq71Yk", "created_at": "2025-08-31T17:34:54.859Z", "expires_at": "2025-09-15T17:34:54Z"}}, {"model": "token_blacklist.outstandingtoken", "pk": 93, "fields": {"user": 1, "jti": "53a364f5173a4da292676f26903af750", "token": "eyJhbGciOiJIUzI1NiIsInR5cCI6IkpXVCJ9.eyJ0b2tlbl90eXBlIjoicmVmcmVzaCIsImV4cCI6MTc1Nzk1NzgxMywiaWF0IjoxNzU2NjYxODEzLCJqdGkiOiI1M2EzNjRmNTE3M2E0ZGEyOTI2NzZmMjY5MDNhZjc1MCIsInVzZXJfaWQiOiIxIn0.y1xa2c96RD0VWF8dyCwwHq1R2g6VLl3I01a0peE6I8U", "created_at": "2025-08-31T17:36:53.077Z", "expires_at": "2025-09-15T17:36:53Z"}}, {"model": "token_blacklist.outstandingtoken", "pk": 94, "fields": {"user": 1, "jti": "0faa993f3d284ec5b4804d6899e60879", "token": "eyJhbGciOiJIUzI1NiIsInR5cCI6IkpXVCJ9.eyJ0b2tlbl90eXBlIjoicmVmcmVzaCIsImV4cCI6MTc1Nzk1NzgxMywiaWF0IjoxNzU2NjYxODEzLCJqdGkiOiIwZmFhOTkzZjNkMjg0ZWM1YjQ4MDRkNjg5OWU2MDg3OSIsInVzZXJfaWQiOiIxIn0.zZT3zW8jnTp910kpq66as7C8vE1U_sXzA-TYAJj9r8Y", "created_at": "2025-08-31T17:36:53.835Z", "expires_at": "2025-09-15T17:36:53Z"}}, {"model": "token_blacklist.outstandingtoken", "pk": 95, "fields": {"user": 12, "jti": "698cade4f2c340619beba26a4bbf935d", "token": "eyJhbGciOiJIUzI1NiIsInR5cCI6IkpXVCJ9.eyJ0b2tlbl90eXBlIjoicmVmcmVzaCIsImV4cCI6MTc1Nzk1Nzg4OSwiaWF0IjoxNzU2NjYxODg5LCJqdGkiOiI2OThjYWRlNGYyYzM0MDYxOWJlYmEyNmE0YmJmOTM1ZCIsInVzZXJfaWQiOiIxMiJ9.Gd0vXolFb7dFATEnqTTRFdkltlINjsx0ACZ4v4IL4uU", "created_at": "2025-08-31T17:38:09.392Z", "expires_at": "2025-09-15T17:38:09Z"}}, {"model": "token_blacklist.outstandingtoken", "pk": 96, "fields": {"user": 1, "jti": "422565f0407d4acd93f35b485f61053a", "token": "eyJhbGciOiJIUzI1NiIsInR5cCI6IkpXVCJ9.eyJ0b2tlbl90eXBlIjoicmVmcmVzaCIsImV4cCI6MTc1Nzk1Nzk3NSwiaWF0IjoxNzU2NjYxOTc1LCJqdGkiOiI0MjI1NjVmMDQwN2Q0YWNkOTNmMzViNDg1ZjYxMDUzYSIsInVzZXJfaWQiOiIxIn0.Yvs2OoUICP5-zxnMouVhf_B4bEXrtuPhJxNNG8_5_0M", "created_at": "2025-08-31T17:39:35.656Z", "expires_at": "2025-09-15T17:39:35Z"}}, {"model": "token_blacklist.outstandingtoken", "pk": 97, "fields": {"user": 12, "jti": "eb8255c05e5b49a9ac44b2e0e2f75ab0", "token": "eyJhbGciOiJIUzI1NiIsInR5cCI6IkpXVCJ9.eyJ0b2tlbl90eXBlIjoicmVmcmVzaCIsImV4cCI6MTc1Nzk2NDEyOSwiaWF0IjoxNzU2NjY4MTI5LCJqdGkiOiJlYjgyNTVjMDVlNWI0OWE5YWM0NGIyZTBlMmY3NWFiMCIsInVzZXJfaWQiOiIxMiJ9.H8oJleLqhwhM9BIqFQzA76LpUHU5T9u1rBtXydPzpcA", "created_at": "2025-08-31T19:22:09.157Z", "expires_at": "2025-09-15T19:22:09Z"}}, {"model": "token_blacklist.outstandingtoken", "pk": 98, "fields": {"user": 1, "jti": "0858fbf05861477f97ba77bdee7cf28e", "token": "eyJhbGciOiJIUzI1NiIsInR5cCI6IkpXVCJ9.eyJ0b2tlbl90eXBlIjoicmVmcmVzaCIsImV4cCI6MTc1Nzk2NTIyNywiaWF0IjoxNzU2NjY5MjI3LCJqdGkiOiIwODU4ZmJmMDU4NjE0NzdmOTdiYTc3YmRlZTdjZjI4ZSIsInVzZXJfaWQiOiIxIn0.WapKZf1kqghJy6-DJX0x3hAgNV0aIwaa-G-D0g5-a3k", "created_at": "2025-08-31T19:40:27.742Z", "expires_at": "2025-09-15T19:40:27Z"}}, {"model": "token_blacklist.outstandingtoken", "pk": 99, "fields": {"user": 1, "jti": "65d40fc75a074d62b2594904d0972213", "token": "eyJhbGciOiJIUzI1NiIsInR5cCI6IkpXVCJ9.eyJ0b2tlbl90eXBlIjoicmVmcmVzaCIsImV4cCI6MTc1Nzk2NTI0NCwiaWF0IjoxNzU2NjY5MjQ0LCJqdGkiOiI2NWQ0MGZjNzVhMDc0ZDYyYjI1OTQ5MDRkMDk3MjIxMyIsInVzZXJfaWQiOiIxIn0.oFX5BBqawRgbJEltmpNSZedRy-08qdrxRye4xAOi96c", "created_at": "2025-08-31T19:40:44.951Z", "expires_at": "2025-09-15T19:40:44Z"}}, {"model": "token_blacklist.outstandingtoken", "pk": 100, "fields": {"user": 1, "jti": "e3048c0502724e758746dd8815258cdb", "token": "eyJhbGciOiJIUzI1NiIsInR5cCI6IkpXVCJ9.eyJ0b2tlbl90eXBlIjoicmVmcmVzaCIsImV4cCI6MTc1Nzk2NTg2MywiaWF0IjoxNzU2NjY5ODYzLCJqdGkiOiJlMzA0OGMwNTAyNzI0ZTc1ODc0NmRkODgxNTI1OGNkYiIsInVzZXJfaWQiOiIxIn0.c2Iy-6R1-VECCIpcMwqpirsWGaBvP0lW8ECDKIVFIFg", "created_at": "2025-08-31T19:51:03.573Z", "expires_at": "2025-09-15T19:51:03Z"}}, {"model": "token_blacklist.outstandingtoken", "pk": 101, "fields": {"user": 1, "jti": "0673d0da4ba64c88bb8f0ddd1db5e86c", "token": "eyJhbGciOiJIUzI1NiIsInR5cCI6IkpXVCJ9.eyJ0b2tlbl90eXBlIjoicmVmcmVzaCIsImV4cCI6MTc1Nzk2NjUxOCwiaWF0IjoxNzU2NjcwNTE4LCJqdGkiOiIwNjczZDBkYTRiYTY0Yzg4YmI4ZjBkZGQxZGI1ZTg2YyIsInVzZXJfaWQiOiIxIn0.CJNXFPLO7h6E3Afh-ZprUUlqTvXIfg89KYTTGllHdjU", "created_at": "2025-08-31T20:01:58.928Z", "expires_at": "2025-09-15T20:01:58Z"}}, {"model": "token_blacklist.outstandingtoken", "pk": 102, "fields": {"user": 3, "jti": "9d60d45bb3464d509ad8165569e7eccb", "token": "eyJhbGciOiJIUzI1NiIsInR5cCI6IkpXVCJ9.eyJ0b2tlbl90eXBlIjoicmVmcmVzaCIsImV4cCI6MTc1Nzk5Nzg3NSwiaWF0IjoxNzU2NzAxODc1LCJqdGkiOiI5ZDYwZDQ1YmIzNDY0ZDUwOWFkODE2NTU2OWU3ZWNjYiIsInVzZXJfaWQiOiIzIn0.Y_sAzeusAUow58t8zNanClbNApK22byILbUm0I9Z1LE", "created_at": "2025-09-01T04:44:35.142Z", "expires_at": "2025-09-16T04:44:35Z"}}, {"model": "token_blacklist.outstandingtoken", "pk": 103, "fields": {"user": 3, "jti": "b0554e63f57246f28d245441f4fa2d49", "token": "eyJhbGciOiJIUzI1NiIsInR5cCI6IkpXVCJ9.eyJ0b2tlbl90eXBlIjoicmVmcmVzaCIsImV4cCI6MTc1Nzk5Nzk2MCwiaWF0IjoxNzU2NzAxOTYwLCJqdGkiOiJiMDU1NGU2M2Y1NzI0NmYyOGQyNDU0NDFmNGZhMmQ0OSIsInVzZXJfaWQiOiIzIn0.EUNnU8am6CBGmPKRDpy9z7aqi_Pa5drFPmUNhDO_05Y", "created_at": "2025-09-01T04:46:00.441Z", "expires_at": "2025-09-16T04:46:00Z"}}, {"model": "token_blacklist.outstandingtoken", "pk": 104, "fields": {"user": 3, "jti": "95450510498743b49ffd5990d17f63ed", "token": "eyJhbGciOiJIUzI1NiIsInR5cCI6IkpXVCJ9.eyJ0b2tlbl90eXBlIjoicmVmcmVzaCIsImV4cCI6MTc1Nzk5Nzk5MSwiaWF0IjoxNzU2NzAxOTkxLCJqdGkiOiI5NTQ1MDUxMDQ5ODc0M2I0OWZmZDU5OTBkMTdmNjNlZCIsInVzZXJfaWQiOiIzIn0.CVOMAwGReVmfasMLrecshxYujEO8ytedwIZSV5uv3fk", "created_at": "2025-09-01T04:46:31.898Z", "expires_at": "2025-09-16T04:46:31Z"}}, {"model": "token_blacklist.outstandingtoken", "pk": 105, "fields": {"user": 3, "jti": "dfdc0339010a4a87995807f300c46f47", "token": "eyJhbGciOiJIUzI1NiIsInR5cCI6IkpXVCJ9.eyJ0b2tlbl90eXBlIjoicmVmcmVzaCIsImV4cCI6MTc1Nzk5ODA1MywiaWF0IjoxNzU2NzAyMDUzLCJqdGkiOiJkZmRjMDMzOTAxMGE0YTg3OTk1ODA3ZjMwMGM0NmY0NyIsInVzZXJfaWQiOiIzIn0.IoS5lYon_yiOD8if6b-cquOrRNwGzYXHvHIyh14OvlI", "created_at": "2025-09-01T04:47:33.936Z", "expires_at": "2025-09-16T04:47:33Z"}}, {"model": "token_blacklist.outstandingtoken", "pk": 106, "fields": {"user": 3, "jti": "7e700439a8d74674949e8e492f64a594", "token": "eyJhbGciOiJIUzI1NiIsInR5cCI6IkpXVCJ9.eyJ0b2tlbl90eXBlIjoicmVmcmVzaCIsImV4cCI6MTc1Nzk5ODE0OSwiaWF0IjoxNzU2NzAyMTQ5LCJqdGkiOiI3ZTcwMDQzOWE4ZDc0Njc0OTQ5ZThlNDkyZjY0YTU5NCIsInVzZXJfaWQiOiIzIn0.U9e6D16o9jlSAA2m7z_ItP7ZRheBYkmMWQTZJJkBg7I", "created_at": "2025-09-01T04:49:09.419Z", "expires_at": "2025-09-16T04:49:09Z"}}, {"model": "token_blacklist.outstandingtoken", "pk": 107, "fields": {"user": 1, "jti": "d96e0922b19e466bbacbd9d736faee2b", "token": "eyJhbGciOiJIUzI1NiIsInR5cCI6IkpXVCJ9.eyJ0b2tlbl90eXBlIjoicmVmcmVzaCIsImV4cCI6MTc1Nzk5ODIzNCwiaWF0IjoxNzU2NzAyMjM0LCJqdGkiOiJkOTZlMDkyMmIxOWU0NjZiYmFjYmQ5ZDczNmZhZWUyYiIsInVzZXJfaWQiOiIxIn0.ilFG_EghLMg5tOhWfWQTX8jUgbJW2DHY8uyiH0XBzvM", "created_at": "2025-09-01T04:50:34.459Z", "expires_at": "2025-09-16T04:50:34Z"}}, {"model": "token_blacklist.outstandingtoken", "pk": 108, "fields": {"user": 3, "jti": "9a30a9c883c14aca80c0b1d9378bfff9", "token": "eyJhbGciOiJIUzI1NiIsInR5cCI6IkpXVCJ9.eyJ0b2tlbl90eXBlIjoicmVmcmVzaCIsImV4cCI6MTc1Nzk5ODI1NiwiaWF0IjoxNzU2NzAyMjU2LCJqdGkiOiI5YTMwYTljODgzYzE0YWNhODBjMGIxZDkzNzhiZmZmOSIsInVzZXJfaWQiOiIzIn0.gSfg54C0m5pZZROjBLda8gBkr2khGL8MipqOVXjq-uk", "created_at": "2025-09-01T04:50:56.361Z", "expires_at": "2025-09-16T04:50:56Z"}}, {"model": "token_blacklist.outstandingtoken", "pk": 109, "fields": {"user": 3, "jti": "ed7c6a8f7ce948f79ee7f85410a949c5", "token": "eyJhbGciOiJIUzI1NiIsInR5cCI6IkpXVCJ9.eyJ0b2tlbl90eXBlIjoicmVmcmVzaCIsImV4cCI6MTc1Nzk5ODMzMCwiaWF0IjoxNzU2NzAyMzMwLCJqdGkiOiJlZDdjNmE4ZjdjZTk0OGY3OWVlN2Y4NTQxMGE5NDljNSIsInVzZXJfaWQiOiIzIn0.-W-M4qpBVOBKUW3zI-VbMpHw9_kbxy1WBgp_6POqqmg", "created_at": "2025-09-01T04:52:10.828Z", "expires_at": "2025-09-16T04:52:10Z"}}, {"model": "token_blacklist.outstandingtoken", "pk": 110, "fields": {"user": 1, "jti": "ef2e8dc868fa4991af2e6246c2659c8a", "token": "eyJhbGciOiJIUzI1NiIsInR5cCI6IkpXVCJ9.eyJ0b2tlbl90eXBlIjoicmVmcmVzaCIsImV4cCI6MTc1Nzk5ODM5NiwiaWF0IjoxNzU2NzAyMzk2LCJqdGkiOiJlZjJlOGRjODY4ZmE0OTkxYWYyZTYyNDZjMjY1OWM4YSIsInVzZXJfaWQiOiIxIn0.lpYeeRulDwz8YN24_wfuy-i3TSScRMzvAWUeKg6cmoc", "created_at": "2025-09-01T04:53:16.905Z", "expires_at": "2025-09-16T04:53:16Z"}}, {"model": "token_blacklist.outstandingtoken", "pk": 111, "fields": {"user": 1, "jti": "53c5bab792b14df8af432013a2b71a6d", "token": "eyJhbGciOiJIUzI1NiIsInR5cCI6IkpXVCJ9.eyJ0b2tlbl90eXBlIjoicmVmcmVzaCIsImV4cCI6MTc1Nzk5ODUwMiwiaWF0IjoxNzU2NzAyNTAyLCJqdGkiOiI1M2M1YmFiNzkyYjE0ZGY4YWY0MzIwMTNhMmI3MWE2ZCIsInVzZXJfaWQiOiIxIn0.INPUFyURbwrT73pfw2juadTxle0Hfn1fVgQFDMiVCY0", "created_at": "2025-09-01T04:55:02.164Z", "expires_at": "2025-09-16T04:55:02Z"}}, {"model": "token_blacklist.outstandingtoken", "pk": 112, "fields": {"user": 1, "jti": "78bd1cccb6a442dbbcdbe3df79766dcd", "token": "eyJhbGciOiJIUzI1NiIsInR5cCI6IkpXVCJ9.eyJ0b2tlbl90eXBlIjoicmVmcmVzaCIsImV4cCI6MTc1Nzk5ODcxMCwiaWF0IjoxNzU2NzAyNzEwLCJqdGkiOiI3OGJkMWNjY2I2YTQ0MmRiYmNkYmUzZGY3OTc2NmRjZCIsInVzZXJfaWQiOiIxIn0.sNkFAiaJapZMLLcWyQSuKp5JczfdAWH7jyurwrfIIJI", "created_at": "2025-09-01T04:58:30.069Z", "expires_at": "2025-09-16T04:58:30Z"}}, {"model": "token_blacklist.outstandingtoken", "pk": 113, "fields": {"user": 3, "jti": "37286cbc4d5e48b4996b326f18b88e8d", "token": "eyJhbGciOiJIUzI1NiIsInR5cCI6IkpXVCJ9.eyJ0b2tlbl90eXBlIjoicmVmcmVzaCIsImV4cCI6MTc1ODAwNTI2OCwiaWF0IjoxNzU2NzA5MjY4LCJqdGkiOiIzNzI4NmNiYzRkNWU0OGI0OTk2YjMyNmYxOGI4OGU4ZCIsInVzZXJfaWQiOiIzIn0.PKaOl316LVXjM7Zw7i2tLB8WLdgDA9H8LCJf956pMK4", "created_at": "2025-09-01T06:47:48.491Z", "expires_at": "2025-09-16T06:47:48Z"}}, {"model": "token_blacklist.outstandingtoken", "pk": 114, "fields": {"user": 3, "jti": "8f5aef5b34e146cfb9e2c4b0ecdb90cf", "token": "eyJhbGciOiJIUzI1NiIsInR5cCI6IkpXVCJ9.eyJ0b2tlbl90eXBlIjoicmVmcmVzaCIsImV4cCI6MTc1ODAwNTMxOCwiaWF0IjoxNzU2NzA5MzE4LCJqdGkiOiI4ZjVhZWY1YjM0ZTE0NmNmYjllMmM0YjBlY2RiOTBjZiIsInVzZXJfaWQiOiIzIn0.dO6sPaA6uGNNVWX6XxAtFNlVdXVb_iUCQimx_T74yBU", "created_at": "2025-09-01T06:48:38.455Z", "expires_at": "2025-09-16T06:48:38Z"}}, {"model": "token_blacklist.outstandingtoken", "pk": 115, "fields": {"user": 1, "jti": "a0c4cc0cd1e64f1f8fb8481198aa1926", "token": "eyJhbGciOiJIUzI1NiIsInR5cCI6IkpXVCJ9.eyJ0b2tlbl90eXBlIjoicmVmcmVzaCIsImV4cCI6MTc1ODAwNTY5NCwiaWF0IjoxNzU2NzA5Njk0LCJqdGkiOiJhMGM0Y2MwY2QxZTY0ZjFmOGZiODQ4MTE5OGFhMTkyNiIsInVzZXJfaWQiOiIxIn0.V6U_YkOLNubIqpOOR0CtFR0VQ84YSrNIrMtZoTeNklM", "created_at": "2025-09-01T06:54:54.505Z", "expires_at": "2025-09-16T06:54:54Z"}}, {"model": "token_blacklist.outstandingtoken", "pk": 116, "fields": {"user": 1, "jti": "9ffb139416a640b9944bdc5c7a1ae60b", "token": "eyJhbGciOiJIUzI1NiIsInR5cCI6IkpXVCJ9.eyJ0b2tlbl90eXBlIjoicmVmcmVzaCIsImV4cCI6MTc1ODAwOTQ1MywiaWF0IjoxNzU2NzEzNDUzLCJqdGkiOiI5ZmZiMTM5NDE2YTY0MGI5OTQ0YmRjNWM3YTFhZTYwYiIsInVzZXJfaWQiOiIxIn0.sNIS2JDbInZ4oJdOWT0X0mZ-oOQtVeKn22qTTxJTBgA", "created_at": "2025-09-01T07:57:33.994Z", "expires_at": "2025-09-16T07:57:33Z"}}, {"model": "token_blacklist.outstandingtoken", "pk": 117, "fields": {"user": 3, "jti": "4f37003793a5428a8e3070764a299bee", "token": "eyJhbGciOiJIUzI1NiIsInR5cCI6IkpXVCJ9.eyJ0b2tlbl90eXBlIjoicmVmcmVzaCIsImV4cCI6MTc1ODAxMTAyNiwiaWF0IjoxNzU2NzE1MDI2LCJqdGkiOiI0ZjM3MDAzNzkzYTU0MjhhOGUzMDcwNzY0YTI5OWJlZSIsInVzZXJfaWQiOiIzIn0.jR6cAZqnDIjWou_tgp2JgZ4KPCvaExmhUkn72PNagDU", "created_at": "2025-09-01T08:23:46.382Z", "expires_at": "2025-09-16T08:23:46Z"}}, {"model": "token_blacklist.outstandingtoken", "pk": 118, "fields": {"user": 3, "jti": "2e9b4cf0a856457188e995b10770b06e", "token": "eyJhbGciOiJIUzI1NiIsInR5cCI6IkpXVCJ9.eyJ0b2tlbl90eXBlIjoicmVmcmVzaCIsImV4cCI6MTc1ODAxMTI1NiwiaWF0IjoxNzU2NzE1MjU2LCJqdGkiOiIyZTliNGNmMGE4NTY0NTcxODhlOTk1YjEwNzcwYjA2ZSIsInVzZXJfaWQiOiIzIn0.8v3M6rWluiaqxtZvzZY5HJcTbfVHPNqdw1ndL8ZCSzI", "created_at": "2025-09-01T08:27:36.884Z", "expires_at": "2025-09-16T08:27:36Z"}}, {"model": "token_blacklist.outstandingtoken", "pk": 119, "fields": {"user": 3, "jti": "0e96e8917a58466eb21b0eae386ba0e4", "token": "eyJhbGciOiJIUzI1NiIsInR5cCI6IkpXVCJ9.eyJ0b2tlbl90eXBlIjoicmVmcmVzaCIsImV4cCI6MTc1ODAxMTQxOSwiaWF0IjoxNzU2NzE1NDE5LCJqdGkiOiIwZTk2ZTg5MTdhNTg0NjZlYjIxYjBlYWUzODZiYTBlNCIsInVzZXJfaWQiOiIzIn0.-fsMVVVCj2of6IF05oJni4daNeA3-Ow_-p-ZbTad7gk", "created_at": "2025-09-01T08:30:19.912Z", "expires_at": "2025-09-16T08:30:19Z"}}, {"model": "token_blacklist.outstandingtoken", "pk": 120, "fields": {"user": 3, "jti": "7f0d7573863346be999c6ddaeb4e9c58", "token": "eyJhbGciOiJIUzI1NiIsInR5cCI6IkpXVCJ9.eyJ0b2tlbl90eXBlIjoicmVmcmVzaCIsImV4cCI6MTc1ODAxMTU0NSwiaWF0IjoxNzU2NzE1NTQ1LCJqdGkiOiI3ZjBkNzU3Mzg2MzM0NmJlOTk5YzZkZGFlYjRlOWM1OCIsInVzZXJfaWQiOiIzIn0.NQViAyYIzf4AU4kMg-crWVW76rlODFkEGRgho7NzBuo", "created_at": "2025-09-01T08:32:25.934Z", "expires_at": "2025-09-16T08:32:25Z"}}, {"model": "token_blacklist.outstandingtoken", "pk": 121, "fields": {"user": 1, "jti": "948dd72baca5420692b6af862902d3c6", "token": "eyJhbGciOiJIUzI1NiIsInR5cCI6IkpXVCJ9.eyJ0b2tlbl90eXBlIjoicmVmcmVzaCIsImV4cCI6MTc1ODAyMDI1OSwiaWF0IjoxNzU2NzI0MjU5LCJqdGkiOiI5NDhkZDcyYmFjYTU0MjA2OTJiNmFmODYyOTAyZDNjNiIsInVzZXJfaWQiOiIxIn0.Q1K3VU-DphViIXnEH6rVc59F23FEr9EI7A5JWEOVbHw", "created_at": "2025-09-01T10:57:39.419Z", "expires_at": "2025-09-16T10:57:39Z"}}, {"model": "token_blacklist.outstandingtoken", "pk": 122, "fields": {"user": 1, "jti": "3e14a305a85d48298d5cde7d04fa26ed", "token": "eyJhbGciOiJIUzI1NiIsInR5cCI6IkpXVCJ9.eyJ0b2tlbl90eXBlIjoicmVmcmVzaCIsImV4cCI6MTc1ODAyMTc2NiwiaWF0IjoxNzU2NzI1NzY2LCJqdGkiOiIzZTE0YTMwNWE4NWQ0ODI5OGQ1Y2RlN2QwNGZhMjZlZCIsInVzZXJfaWQiOiIxIn0.Bt83xF0pcMKosQwxVmR2pUlHJBgKi8sKX6KUZRFKEiA", "created_at": "2025-09-01T11:22:46.729Z", "expires_at": "2025-09-16T11:22:46Z"}}, {"model": "token_blacklist.outstandingtoken", "pk": 123, "fields": {"user": 3, "jti": "7ee86646a3c64532803531bd9c0b7bd0", "token": "eyJhbGciOiJIUzI1NiIsInR5cCI6IkpXVCJ9.eyJ0b2tlbl90eXBlIjoicmVmcmVzaCIsImV4cCI6MTc1ODAyMjA3NiwiaWF0IjoxNzU2NzI2MDc2LCJqdGkiOiI3ZWU4NjY0NmEzYzY0NTMyODAzNTMxYmQ5YzBiN2JkMCIsInVzZXJfaWQiOiIzIn0.xD9eVLqnXWdBWoM-DZJKKm2NCQ-8Oa_FHTPZEVugBWI", "created_at": "2025-09-01T11:27:56.590Z", "expires_at": "2025-09-16T11:27:56Z"}}, {"model": "token_blacklist.outstandingtoken", "pk": 124, "fields": {"user": 12, "jti": "03fd8e30dfd942ee99dfa454e3252d5c", "token": "eyJhbGciOiJIUzI1NiIsInR5cCI6IkpXVCJ9.eyJ0b2tlbl90eXBlIjoicmVmcmVzaCIsImV4cCI6MTc1ODAyNTQ2NSwiaWF0IjoxNzU2NzI5NDY1LCJqdGkiOiIwM2ZkOGUzMGRmZDk0MmVlOTlkZmE0NTRlMzI1MmQ1YyIsInVzZXJfaWQiOiIxMiJ9.fJ0oyUm2J5dTEFRV3gJQofBv3iUex9c9juv2FZ-b4a0", "created_at": "2025-09-01T12:24:25.811Z", "expires_at": "2025-09-16T12:24:25Z"}}, {"model": "token_blacklist.outstandingtoken", "pk": 125, "fields": {"user": 3, "jti": "f02d3390519f415d834507c21e1c8678", "token": "eyJhbGciOiJIUzI1NiIsInR5cCI6IkpXVCJ9.eyJ0b2tlbl90eXBlIjoicmVmcmVzaCIsImV4cCI6MTc1ODAyNTk5OCwiaWF0IjoxNzU2NzI5OTk4LCJqdGkiOiJmMDJkMzM5MDUxOWY0MTVkODM0NTA3YzIxZTFjODY3OCIsInVzZXJfaWQiOiIzIn0.U2l7zMPqjEVSJdQbDm8evx5NmTkSOOTXKwK1nEQCZz8", "created_at": "2025-09-01T12:33:18.500Z", "expires_at": "2025-09-16T12:33:18Z"}}, {"model": "token_blacklist.outstandingtoken", "pk": 126, "fields": {"user": 1, "jti": "4347a067ae3e482cb0ea63db1ff1dd81", "token": "eyJhbGciOiJIUzI1NiIsInR5cCI6IkpXVCJ9.eyJ0b2tlbl90eXBlIjoicmVmcmVzaCIsImV4cCI6MTc1ODAyNjEyMCwiaWF0IjoxNzU2NzMwMTIwLCJqdGkiOiI0MzQ3YTA2N2FlM2U0ODJjYjBlYTYzZGIxZmYxZGQ4MSIsInVzZXJfaWQiOiIxIn0.8wAeo1NpWRtOubiXNkk_tqoR7kIIuP1wyop7iTNwbSk", "created_at": "2025-09-01T12:35:20.821Z", "expires_at": "2025-09-16T12:35:20Z"}}, {"model": "token_blacklist.outstandingtoken", "pk": 127, "fields": {"user": 1, "jti": "b329ffba63cd4218b8f08e4c9663fe38", "token": "eyJhbGciOiJIUzI1NiIsInR5cCI6IkpXVCJ9.eyJ0b2tlbl90eXBlIjoicmVmcmVzaCIsImV4cCI6MTc1ODAyNzA4NywiaWF0IjoxNzU2NzMxMDg3LCJqdGkiOiJiMzI5ZmZiYTYzY2Q0MjE4YjhmMDhlNGM5NjYzZmUzOCIsInVzZXJfaWQiOiIxIn0.Ol-4G6p-ljF4KCahWuxhMrwPG0ANHJeqtNQs2pobmRg", "created_at": "2025-09-01T12:51:27.342Z", "expires_at": "2025-09-16T12:51:27Z"}}, {"model": "token_blacklist.outstandingtoken", "pk": 128, "fields": {"user": 1, "jti": "6a25ba5943614a5b86215e7070f0bf7b", "token": "eyJhbGciOiJIUzI1NiIsInR5cCI6IkpXVCJ9.eyJ0b2tlbl90eXBlIjoicmVmcmVzaCIsImV4cCI6MTc1ODAyNzEzNCwiaWF0IjoxNzU2NzMxMTM0LCJqdGkiOiI2YTI1YmE1OTQzNjE0YTViODYyMTVlNzA3MGYwYmY3YiIsInVzZXJfaWQiOiIxIn0.eBNesjgRxhKreaPceXkW3JUBQYuLAkgGF9fTudG2sAQ", "created_at": "2025-09-01T12:52:14.170Z", "expires_at": "2025-09-16T12:52:14Z"}}, {"model": "token_blacklist.outstandingtoken", "pk": 129, "fields": {"user": 3, "jti": "28d6ec5cbab24bd6929395900f795332", "token": "eyJhbGciOiJIUzI1NiIsInR5cCI6IkpXVCJ9.eyJ0b2tlbl90eXBlIjoicmVmcmVzaCIsImV4cCI6MTc1ODA4MzE2NCwiaWF0IjoxNzU2Nzg3MTY0LCJqdGkiOiIyOGQ2ZWM1Y2JhYjI0YmQ2OTI5Mzk1OTAwZjc5NTMzMiIsInVzZXJfaWQiOiIzIn0.cGfqEHhXChoM0dqG8bajoUsgW40w38zayCk6H30fjw4", "created_at": "2025-09-02T04:26:04.135Z", "expires_at": "2025-09-17T04:26:04Z"}}, {"model": "token_blacklist.outstandingtoken", "pk": 130, "fields": {"user": 1, "jti": "362865b2741c4cffb6bb7987d9f368df", "token": "eyJhbGciOiJIUzI1NiIsInR5cCI6IkpXVCJ9.eyJ0b2tlbl90eXBlIjoicmVmcmVzaCIsImV4cCI6MTc1ODA4NTIxMiwiaWF0IjoxNzU2Nzg5MjEyLCJqdGkiOiIzNjI4NjViMjc0MWM0Y2ZmYjZiYjc5ODdkOWYzNjhkZiIsInVzZXJfaWQiOiIxIn0.gjQC2sji0EnLd-CqE7dxdG5FjEiqQpFY1o21GGvAnCs", "created_at": "2025-09-02T05:00:12.334Z", "expires_at": "2025-09-17T05:00:12Z"}}, {"model": "token_blacklist.outstandingtoken", "pk": 131, "fields": {"user": 3, "jti": "0c6ea2ee6149442f90e174c7bd6ab805", "token": "eyJhbGciOiJIUzI1NiIsInR5cCI6IkpXVCJ9.eyJ0b2tlbl90eXBlIjoicmVmcmVzaCIsImV4cCI6MTc1ODA4NTQ1MCwiaWF0IjoxNzU2Nzg5NDUwLCJqdGkiOiIwYzZlYTJlZTYxNDk0NDJmOTBlMTc0YzdiZDZhYjgwNSIsInVzZXJfaWQiOiIzIn0.v1bQC6iQxlowykEnbhk4o4AgKs6x9FkRiNGHEExEWLk", "created_at": "2025-09-02T05:04:10.129Z", "expires_at": "2025-09-17T05:04:10Z"}}, {"model": "token_blacklist.outstandingtoken", "pk": 132, "fields": {"user": 1, "jti": "9badac35f54c40ceb0d553d5e464baca", "token": "eyJhbGciOiJIUzI1NiIsInR5cCI6IkpXVCJ9.eyJ0b2tlbl90eXBlIjoicmVmcmVzaCIsImV4cCI6MTc1ODA4NTg3NiwiaWF0IjoxNzU2Nzg5ODc2LCJqdGkiOiI5YmFkYWMzNWY1NGM0MGNlYjBkNTUzZDVlNDY0YmFjYSIsInVzZXJfaWQiOiIxIn0.Bksm_uUV635GD4djl5_GrEQ3wXh4V2ca5SpPGeYC7EQ", "created_at": "2025-09-02T05:11:16.508Z", "expires_at": "2025-09-17T05:11:16Z"}}, {"model": "token_blacklist.outstandingtoken", "pk": 133, "fields": {"user": 3, "jti": "f0a7c2d889aa4ffdae74071c1cdf7053", "token": "eyJhbGciOiJIUzI1NiIsInR5cCI6IkpXVCJ9.eyJ0b2tlbl90eXBlIjoicmVmcmVzaCIsImV4cCI6MTc1ODA4NjI1NiwiaWF0IjoxNzU2NzkwMjU2LCJqdGkiOiJmMGE3YzJkODg5YWE0ZmZkYWU3NDA3MWMxY2RmNzA1MyIsInVzZXJfaWQiOiIzIn0.QSxeVcE37ESpXHQsI4rrqa-WR5Klka5gmrqaUh0WDvs", "created_at": "2025-09-02T05:17:36.227Z", "expires_at": "2025-09-17T05:17:36Z"}}, {"model": "token_blacklist.outstandingtoken", "pk": 134, "fields": {"user": 1, "jti": "9b0ef7bcad8e4f7f8e6acec721023516", "token": "eyJhbGciOiJIUzI1NiIsInR5cCI6IkpXVCJ9.eyJ0b2tlbl90eXBlIjoicmVmcmVzaCIsImV4cCI6MTc1ODA4NjQzOCwiaWF0IjoxNzU2NzkwNDM4LCJqdGkiOiI5YjBlZjdiY2FkOGU0ZjdmOGU2YWNlYzcyMTAyMzUxNiIsInVzZXJfaWQiOiIxIn0.IihAK-aZGfScaL4OAjM6sD6EiJ0SHBflIocZMq5kJKY", "created_at": "2025-09-02T05:20:38.891Z", "expires_at": "2025-09-17T05:20:38Z"}}, {"model": "token_blacklist.outstandingtoken", "pk": 135, "fields": {"user": 3, "jti": "26747200950d4f95b1e53cca86e26057", "token": "eyJhbGciOiJIUzI1NiIsInR5cCI6IkpXVCJ9.eyJ0b2tlbl90eXBlIjoicmVmcmVzaCIsImV4cCI6MTc1ODA4ODk3MSwiaWF0IjoxNzU2NzkyOTcxLCJqdGkiOiIyNjc0NzIwMDk1MGQ0Zjk1YjFlNTNjY2E4NmUyNjA1NyIsInVzZXJfaWQiOiIzIn0.lLAaujz92fSIRvlRa_O8Xb7bunv8XYlSVyGuT3pd0r0", "created_at": "2025-09-02T06:02:51.186Z", "expires_at": "2025-09-17T06:02:51Z"}}, {"model": "token_blacklist.outstandingtoken", "pk": 136, "fields": {"user": 12, "jti": "0e94b637e55b4a75bf05fff8b19ba127", "token": "eyJhbGciOiJIUzI1NiIsInR5cCI6IkpXVCJ9.eyJ0b2tlbl90eXBlIjoicmVmcmVzaCIsImV4cCI6MTc1ODA5MDQ2NCwiaWF0IjoxNzU2Nzk0NDY0LCJqdGkiOiIwZTk0YjYzN2U1NWI0YTc1YmYwNWZmZjhiMTliYTEyNyIsInVzZXJfaWQiOiIxMiJ9.S5txkhUozwG0yjYeoHAeLC4by2c84Zu6HccdMI4Gwg8", "created_at": "2025-09-02T06:27:44.778Z", "expires_at": "2025-09-17T06:27:44Z"}}, {"model": "token_blacklist.outstandingtoken", "pk": 137, "fields": {"user": 1, "jti": "788e00eac8c84fcd9ca4bb2bf5c61dad", "token": "eyJhbGciOiJIUzI1NiIsInR5cCI6IkpXVCJ9.eyJ0b2tlbl90eXBlIjoicmVmcmVzaCIsImV4cCI6MTc1ODEwMzU1NSwiaWF0IjoxNzU2ODA3NTU1LCJqdGkiOiI3ODhlMDBlYWM4Yzg0ZmNkOWNhNGJiMmJmNWM2MWRhZCIsInVzZXJfaWQiOiIxIn0.5rFzQjr3AdC5JNrku00v5CvrKK3-71u6ZojvhvOstxg", "created_at": "2025-09-02T10:05:55.624Z", "expires_at": "2025-09-17T10:05:55Z"}}, {"model": "token_blacklist.outstandingtoken", "pk": 138, "fields": {"user": 3, "jti": "a2e9b1d4f2c34b55b8ca10284de35326", "token": "eyJhbGciOiJIUzI1NiIsInR5cCI6IkpXVCJ9.eyJ0b2tlbl90eXBlIjoicmVmcmVzaCIsImV4cCI6MTc1ODEwNjI4NSwiaWF0IjoxNzU2ODEwMjg1LCJqdGkiOiJhMmU5YjFkNGYyYzM0YjU1YjhjYTEwMjg0ZGUzNTMyNiIsInVzZXJfaWQiOiIzIn0.1BmF0j5XErMM6Z9tshvNKlTitOiHohjnSQdMW3ja9CU", "created_at": "2025-09-02T10:51:25.016Z", "expires_at": "2025-09-17T10:51:25Z"}}, {"model": "token_blacklist.outstandingtoken", "pk": 139, "fields": {"user": 3, "jti": "015a28be83d94f968569ca14de4a9588", "token": "eyJhbGciOiJIUzI1NiIsInR5cCI6IkpXVCJ9.eyJ0b2tlbl90eXBlIjoicmVmcmVzaCIsImV4cCI6MTc1ODEwNjYxMywiaWF0IjoxNzU2ODEwNjEzLCJqdGkiOiIwMTVhMjhiZTgzZDk0Zjk2ODU2OWNhMTRkZTRhOTU4OCIsInVzZXJfaWQiOiIzIn0.JOhaVV_8agxpntGwv4L6WIc6D-uWEMzMu_RvjB7U7KU", "created_at": "2025-09-02T10:56:53.132Z", "expires_at": "2025-09-17T10:56:53Z"}}, {"model": "token_blacklist.outstandingtoken", "pk": 140, "fields": {"user": 1, "jti": "c9adc8f07ef3439a955effcfa0145f96", "token": "eyJhbGciOiJIUzI1NiIsInR5cCI6IkpXVCJ9.eyJ0b2tlbl90eXBlIjoicmVmcmVzaCIsImV4cCI6MTc1ODEwNzU3MCwiaWF0IjoxNzU2ODExNTcwLCJqdGkiOiJjOWFkYzhmMDdlZjM0MzlhOTU1ZWZmY2ZhMDE0NWY5NiIsInVzZXJfaWQiOiIxIn0.6z92YHJBgCij0u6HdbOBKTTU45EiNqT4_Xp4OamJLjs", "created_at": "2025-09-02T11:12:50.012Z", "expires_at": "2025-09-17T11:12:50Z"}}, {"model": "token_blacklist.outstandingtoken", "pk": 141, "fields": {"user": 3, "jti": "b8602c60a9ee4b42b3bb9dcbce4f19e6", "token": "eyJhbGciOiJIUzI1NiIsInR5cCI6IkpXVCJ9.eyJ0b2tlbl90eXBlIjoicmVmcmVzaCIsImV4cCI6MTc1ODEwODAzMywiaWF0IjoxNzU2ODEyMDMzLCJqdGkiOiJiODYwMmM2MGE5ZWU0YjQyYjNiYjlkY2JjZTRmMTllNiIsInVzZXJfaWQiOiIzIn0.GoioBgI5oO5CWcmktZnxCVkuyQKGPtjw-Tnu0fk7Fok", "created_at": "2025-09-02T11:20:33.639Z", "expires_at": "2025-09-17T11:20:33Z"}}, {"model": "token_blacklist.outstandingtoken", "pk": 142, "fields": {"user": 1, "jti": "7b90ccbb13ab49f0b63a76829322d9fd", "token": "eyJhbGciOiJIUzI1NiIsInR5cCI6IkpXVCJ9.eyJ0b2tlbl90eXBlIjoicmVmcmVzaCIsImV4cCI6MTc1ODEwODA2NCwiaWF0IjoxNzU2ODEyMDY0LCJqdGkiOiI3YjkwY2NiYjEzYWI0OWYwYjYzYTc2ODI5MzIyZDlmZCIsInVzZXJfaWQiOiIxIn0.AVHWtqiRULy-qhaxXYHKwZlXQRtrfY3JACass8g1NU0", "created_at": "2025-09-02T11:21:04.629Z", "expires_at": "2025-09-17T11:21:04Z"}}, {"model": "token_blacklist.outstandingtoken", "pk": 143, "fields": {"user": 17, "jti": "8426affb880e4b81af57b99aca78c28d", "token": "eyJhbGciOiJIUzI1NiIsInR5cCI6IkpXVCJ9.eyJ0b2tlbl90eXBlIjoicmVmcmVzaCIsImV4cCI6MTc1ODEwODgxMCwiaWF0IjoxNzU2ODEyODEwLCJqdGkiOiI4NDI2YWZmYjg4MGU0YjgxYWY1N2I5OWFjYTc4YzI4ZCIsInVzZXJfaWQiOiIxNyJ9.7xlHfa88Laevfh1vgQo7HtA_YlNLA_5j67sZulJKDlw", "created_at": "2025-09-02T11:33:30.126Z", "expires_at": "2025-09-17T11:33:30Z"}}, {"model": "token_blacklist.outstandingtoken", "pk": 144, "fields": {"user": 17, "jti": "eb144f40fa134b6eb1bcd2ed89d7bc98", "token": "eyJhbGciOiJIUzI1NiIsInR5cCI6IkpXVCJ9.eyJ0b2tlbl90eXBlIjoicmVmcmVzaCIsImV4cCI6MTc1ODEwODgxMSwiaWF0IjoxNzU2ODEyODExLCJqdGkiOiJlYjE0NGY0MGZhMTM0YjZlYjFiY2QyZWQ4OWQ3YmM5OCIsInVzZXJfaWQiOiIxNyJ9.KQeXubY9aglmnSIiFfPJzSaPjYd0rUZ7du34c8IQzSI", "created_at": "2025-09-02T11:33:31.039Z", "expires_at": "2025-09-17T11:33:31Z"}}, {"model": "token_blacklist.outstandingtoken", "pk": 145, "fields": {"user": 17, "jti": "cb5b5108f84b48ecbe8d4641b53be450", "token": "eyJhbGciOiJIUzI1NiIsInR5cCI6IkpXVCJ9.eyJ0b2tlbl90eXBlIjoicmVmcmVzaCIsImV4cCI6MTc1ODEwODg2NiwiaWF0IjoxNzU2ODEyODY2LCJqdGkiOiJjYjViNTEwOGY4NGI0OGVjYmU4ZDQ2NDFiNTNiZTQ1MCIsInVzZXJfaWQiOiIxNyJ9.wf9sQPhMtXwEUX3_cHPq96aNZFKuT2Wen4BlHyQyppw", "created_at": "2025-09-02T11:34:26.681Z", "expires_at": "2025-09-17T11:34:26Z"}}, {"model": "token_blacklist.outstandingtoken", "pk": 146, "fields": {"user": 17, "jti": "fdd1b34390b3495e827fe9fb634d7284", "token": "eyJhbGciOiJIUzI1NiIsInR5cCI6IkpXVCJ9.eyJ0b2tlbl90eXBlIjoicmVmcmVzaCIsImV4cCI6MTc1ODEwODg2NywiaWF0IjoxNzU2ODEyODY3LCJqdGkiOiJmZGQxYjM0MzkwYjM0OTVlODI3ZmU5ZmI2MzRkNzI4NCIsInVzZXJfaWQiOiIxNyJ9.HusdsdwXuAV59gdWrcadoJ9mu9GuyWWIddhX3kLDaqs", "created_at": "2025-09-02T11:34:27.864Z", "expires_at": "2025-09-17T11:34:27Z"}}, {"model": "token_blacklist.outstandingtoken", "pk": 147, "fields": {"user": 17, "jti": "45e2ebbb373d4bf5bae2ba7534d48a9d", "token": "eyJhbGciOiJIUzI1NiIsInR5cCI6IkpXVCJ9.eyJ0b2tlbl90eXBlIjoicmVmcmVzaCIsImV4cCI6MTc1ODEwODkyNiwiaWF0IjoxNzU2ODEyOTI2LCJqdGkiOiI0NWUyZWJiYjM3M2Q0YmY1YmFlMmJhNzUzNGQ0OGE5ZCIsInVzZXJfaWQiOiIxNyJ9.Rn5TuSzd7NP36SnAzkYeXhhEFYF7W7Aia4yC3VZYUis", "created_at": "2025-09-02T11:35:26.299Z", "expires_at": "2025-09-17T11:35:26Z"}}, {"model": "token_blacklist.outstandingtoken", "pk": 148, "fields": {"user": 17, "jti": "24854f885b134563898941eb15cf33ff", "token": "eyJhbGciOiJIUzI1NiIsInR5cCI6IkpXVCJ9.eyJ0b2tlbl90eXBlIjoicmVmcmVzaCIsImV4cCI6MTc1ODEwODkyNywiaWF0IjoxNzU2ODEyOTI3LCJqdGkiOiIyNDg1NGY4ODViMTM0NTYzODk4OTQxZWIxNWNmMzNmZiIsInVzZXJfaWQiOiIxNyJ9.ZxxinYPhUHVr7pPWdoLls_XsiI0QmMm6jb0PSC6X5ko", "created_at": "2025-09-02T11:35:27.253Z", "expires_at": "2025-09-17T11:35:27Z"}}, {"model": "token_blacklist.outstandingtoken", "pk": 149, "fields": {"user": 1, "jti": "56b5507f8d62417d91d27284320026e1", "token": "eyJhbGciOiJIUzI1NiIsInR5cCI6IkpXVCJ9.eyJ0b2tlbl90eXBlIjoicmVmcmVzaCIsImV4cCI6MTc1ODEyMjA0NywiaWF0IjoxNzU2ODI2MDQ3LCJqdGkiOiI1NmI1NTA3ZjhkNjI0MTdkOTFkMjcyODQzMjAwMjZlMSIsInVzZXJfaWQiOiIxIn0.QloBB-BfDlmMdttclhkIamYraie5JeMhDEC7rPjg05g", "created_at": "2025-09-02T15:14:07.178Z", "expires_at": "2025-09-17T15:14:07Z"}}, {"model": "token_blacklist.outstandingtoken", "pk": 150, "fields": {"user": 3, "jti": "85054467701448f7b398696632558d7e", "token": "eyJhbGciOiJIUzI1NiIsInR5cCI6IkpXVCJ9.eyJ0b2tlbl90eXBlIjoicmVmcmVzaCIsImV4cCI6MTc1ODEyMjE3MCwiaWF0IjoxNzU2ODI2MTcwLCJqdGkiOiI4NTA1NDQ2NzcwMTQ0OGY3YjM5ODY5NjYzMjU1OGQ3ZSIsInVzZXJfaWQiOiIzIn0.iQlpx_r7e8tYd3ny0OFtbMxKjacezCJVvusrl60biGY", "created_at": "2025-09-02T15:16:10.384Z", "expires_at": "2025-09-17T15:16:10Z"}}, {"model": "token_blacklist.outstandingtoken", "pk": 151, "fields": {"user": 3, "jti": "e6a8edd407b44e339b3cd03678165996", "token": "eyJhbGciOiJIUzI1NiIsInR5cCI6IkpXVCJ9.eyJ0b2tlbl90eXBlIjoicmVmcmVzaCIsImV4cCI6MTc1ODE3MDQ1NSwiaWF0IjoxNzU2ODc0NDU1LCJqdGkiOiJlNmE4ZWRkNDA3YjQ0ZTMzOWIzY2QwMzY3ODE2NTk5NiIsInVzZXJfaWQiOiIzIn0.skKpZtGbhWep25vaIIw963-5RqwZKbPLxn8eA7WnhKY", "created_at": "2025-09-03T04:40:55.655Z", "expires_at": "2025-09-18T04:40:55Z"}}, {"model": "token_blacklist.outstandingtoken", "pk": 152, "fields": {"user": 3, "jti": "7e3a4f671ba64dad8c4363f874c4d2a6", "token": "eyJhbGciOiJIUzI1NiIsInR5cCI6IkpXVCJ9.eyJ0b2tlbl90eXBlIjoicmVmcmVzaCIsImV4cCI6MTc1ODE3MDk5NiwiaWF0IjoxNzU2ODc0OTk2LCJqdGkiOiI3ZTNhNGY2NzFiYTY0ZGFkOGM0MzYzZjg3NGM0ZDJhNiIsInVzZXJfaWQiOiIzIn0.xIm-CPZRMc0ZPOuyx4xeWWTn5MxdY_JXq8wwYg2G0sM", "created_at": "2025-09-03T04:49:56.616Z", "expires_at": "2025-09-18T04:49:56Z"}}, {"model": "token_blacklist.outstandingtoken", "pk": 153, "fields": {"user": 1, "jti": "118f2634aeac4177866e0f0a2f04a35f", "token": "eyJhbGciOiJIUzI1NiIsInR5cCI6IkpXVCJ9.eyJ0b2tlbl90eXBlIjoicmVmcmVzaCIsImV4cCI6MTc1ODE3MjM2NiwiaWF0IjoxNzU2ODc2MzY2LCJqdGkiOiIxMThmMjYzNGFlYWM0MTc3ODY2ZTBmMGEyZjA0YTM1ZiIsInVzZXJfaWQiOiIxIn0.kT6930PXaEKG4tN1XzBx5fyrA-DuILkWOeyhTZhT8rc", "created_at": "2025-09-03T05:12:46.287Z", "expires_at": "2025-09-18T05:12:46Z"}}, {"model": "token_blacklist.outstandingtoken", "pk": 154, "fields": {"user": 1, "jti": "20b39e1eaeb947cdb6f86d0387f8c145", "token": "eyJhbGciOiJIUzI1NiIsInR5cCI6IkpXVCJ9.eyJ0b2tlbl90eXBlIjoicmVmcmVzaCIsImV4cCI6MTc1ODE3MjU0MSwiaWF0IjoxNzU2ODc2NTQxLCJqdGkiOiIyMGIzOWUxZWFlYjk0N2NkYjZmODZkMDM4N2Y4YzE0NSIsInVzZXJfaWQiOiIxIn0.i65Nz0UL_Ux9bqJYaUVCtSdNJWqcNot2-AWutL9C4XM", "created_at": "2025-09-03T05:15:41.631Z", "expires_at": "2025-09-18T05:15:41Z"}}, {"model": "authentication.userrole", "pk": 1, "fields": {"name": "Admin", "permission": null}}, {"model": "authentication.userrole", "pk": 2, "fields": {"name": "Merchant", "permission": null}}, {"model": "authentication.userrole", "pk": 3, "fields": {"name": "Staff", "permission": null}}, {"model": "authentication.customuser", "pk": 1, "fields": {"password": "pbkdf2_sha256$1000000$OgSc23n0WDdqNGFjyiWb4v$nHaifMuvC3PMt6qxXP0D/7wAI8offzS3+2ckV/KsCSg=", "last_login": "2025-08-31T17:42:45.076Z", "is_superuser": true, "username": "admin", "last_name": "Boss", "email": "admin@gmail.com", "is_staff": true, "is_active": true, "date_joined": "2025-08-25T12:29:13Z", "first_name": "Admin", "phone_number": "01775155766", "more_information": "", "status": "Active", "role": 1, "pid": "8dfb61c002e0430d83d995bd5730e045", "groups": [], "user_permissions": []}}, {"model": "authentication.customuser", "pk": 2, "fields": {"password": "pbkdf2_sha256$1000000$BTvyO8zRCJwQIwWKtqhjlZ$5LSyy2uNYq0LnjsZuM9pfIYMjvYq/MIX1SYEQz7vfXg=", "last_login": null, "is_superuser": false, "username": "sadmin", "last_name": "", "email": "admin@gmail.com", "is_staff": false, "is_active": true, "date_joined": "2025-08-25T12:56:46.116Z", "first_name": "Admin", "phone_number": "0146436252", "more_information": null, "status": "Active", "role": 1, "pid": "fddaa58608a64c9d94fde334bbd0ee83", "groups": [], "user_permissions": []}}, {"model": "authentication.customuser", "pk": 3, "fields": {"password": "pbkdf2_sha256$1000000$D3rDjVgTH9Dvqd4O7ETJ1v$0jQ9smXHqsdqQVGhyBylUDHIKRyQi19iupXNE48sRaM=", "last_login": null, "is_superuser": false, "username": "samim", "last_name": "hasan", "email": "samim@gmail.com", "is_staff": false, "is_active": true, "date_joined": "2025-08-25T12:59:34.368Z", "first_name": "Samim Osmann", "phone_number": "01775155788", "more_information": null, "status": "Active", "role": 2, "pid": "c107cc55b0eb4c49860069be8c2f5fda", "groups": [], "user_permissions": []}}, {"model": "authentication.customuser", "pk": 11, "fields": {"password": "pbkdf2_sha256$1000000$usr8vDGW8AH249XKAg6IK0$5UO+dW7VJr6wwRgiZAb8O9MZbV0OgJNf4LCuGfOdpfo=", "last_login": null, "is_superuser": false, "username": "imtiazBD", "last_name": "hasan", "email": "imtiaz@gmail.com", "is_staff": false, "is_active": true, "date_joined": "2025-08-26T12:45:38.452Z", "first_name": "imtiaz", "phone_number": "092324343435", "more_information": null, "status": "Disable", "role": 2, "pid": "3a46e37456dc40c1900609f4d5a7c099", "groups": [], "user_permissions": []}}, {"model": "authentication.customuser", "pk": 12, "fields": {"password": "pbkdf2_sha256$1000000$2WW3j8OYY5If68oczFVqzf$7AZoyeOS1joCIFzBPEpCsCdbb5Nl8NF4JQ+PBveKQxg=", "last_login": null, "is_superuser": false, "username": "sakibkhan", "last_name": "Bhai", "email": "sakibkhan@gmail.com", "is_staff": false, "is_active": true, "date_joined": "2025-08-31T12:36:03.087Z", "first_name": "Sakib", "phone_number": "016017018019", "more_information": null, "status": "Active", "role": 2, "pid": "e0015b2cd73d43569c477ba1030412ca", "groups": [], "user_permissions": []}}, {"model": "authentication.customuser", "pk": 13, "fields": {"password": "pbkdf2_sha256$1000000$GK9HaQKzyM7Olk11Cs6Ncx$2eQD7mcfuSySK6Beg6jVOB5Co0Uvik9nkPnWZZeRm/c=", "last_login": null, "is_superuser": false, "username": "tamim", "last_name": "iqbal", "email": "tamim@gmail.con", "is_staff": false, "is_active": true, "date_joined": "2025-09-01T06:00:41.860Z", "first_name": "Tamim", "phone_number": "017751444444", "more_information": null, "status": "Pending", "role": 2, "pid": "1a5468e985e7413e9e9d6e8a4a3ec38d", "groups": [], "user_permissions": []}}, {"model": "authentication.customuser", "pk": 14, "fields": {"password": "pbkdf2_sha256$1000000$gghhZg8TJ8sF1XTVLtb5ck$KKLKWQA/+VJVv3oTo2g3NtqB8L7+OIjnu4tH9VW1Qws=", "last_login": null, "is_superuser": false, "username": "samimm", "last_name": "Osmann", "email": "samimm@gmail.com", "is_staff": false, "is_active": true, "date_joined": "2025-09-01T06:05:49.095Z", "first_name": "Samimm", "phone_number": "017751556660", "more_information": null, "status": "Pending", "role": 2, "pid": "84bc5d288ce2499e98d31f7cd9a467c3", "groups": [], "user_permissions": []}}, {"model": "authentication.customuser", "pk": 15, "fields": {"password": "pbkdf2_sha256$1000000$TI6x4RkegVQpVGSkPCFthX$obXgB4Cp/bs0LcjdrZj+bD0UPuL5UJ+YNRXIyxtEn5o=", "last_login": null, "is_superuser": false, "username": "hello", "last_name": "World", "email": "helloworld@gmail.com", "is_staff": false, "is_active": true, "date_joined": "2025-09-01T06:35:51.974Z", "first_name": "hello", "phone_number": "0177545545", "more_information": null, "status": "Disable", "role": 2, "pid": "f9219688d60146418099cf93974270b1", "groups": [], "user_permissions": []}}, {"model": "authentication.customuser", "pk": 16, "fields": {"password": "pbkdf2_sha256$1000000$FZTIvkb2oQMYaaMKUnjdnw$oOmMU1G9ZGHEstvNvXH4tnbcJRL7L3S43rQzEkU3Esc=", "last_login": null, "is_superuser": false, "username": "cxcxcx", "last_name": "hasannn", "email": "imtiazzzz@gmail.com", "is_staff": false, "is_active": true, "date_joined": "2025-09-01T12:35:53.946Z", "first_name": "dsdsdsdsds", "phone_number": "01775155763", "more_information": null, "status": "Pending", "role": 2, "pid": "a86dbf3afc054976baa3e4173cdef301", "groups": [], "user_permissions": []}}, {"model": "authentication.customuser", "pk": 17, "fields": {"password": "pbkdf2_sha256$1000000$m8pXNakFmz0FIIVPWdATGy$hjIEseaBI1rUAfYO7yLHh10hZnJgfaZlK5JiAK7VlTo=", "last_login": null, "is_superuser": false, "username": "alpha", "last_name": "Alpha", "email": "alpha@gmail.com", "is_staff": false, "is_active": true, "date_joined": "2025-09-02T11:33:03Z", "first_name": "Mr", "phone_number": "0155151515", "more_information": "", "status": "Active", "role": 3, "pid": "5d0ad34ef80a4c1b81ce1aa78487ff5f", "groups": [], "user_permissions": []}}, {"model": "authentication.userid", "pk": 1, "fields": {"user": 3, "referal_key": "74d73e65-cb6f-474f-a63c-16c4f339293a", "activation_key": null, "reset_key": null}}, {"model": "authentication.userid", "pk": 9, "fields": {"user": 11, "referal_key": "ea0653a5-3977-4fe1-a6f5-d128faf65567", "activation_key": null, "reset_key": null}}, {"model": "authentication.userid", "pk": 10, "fields": {"user": 12, "referal_key": "27200666-758b-45b5-b176-dbb6cb169246", "activation_key": null, "reset_key": null}}, {"model": "authentication.userid", "pk": 11, "fields": {"user": 13, "referal_key": "a58cd37a-5eac-4ff5-9021-ee26691eb723", "activation_key": null, "reset_key": null}}, {"model": "authentication.userid", "pk": 12, "fields": {"user": 14, "referal_key": "8dfafc13-c69e-471e-8deb-ff51fc27a71a", "activation_key": null, "reset_key": null}}, {"model": "authentication.userid", "pk": 13, "fields": {"user": 15, "referal_key": "ede192c0-4f61-4f5f-98f2-0b566a82b5a4", "activation_key": null, "reset_key": null}}, {"model": "authentication.userid", "pk": 14, "fields": {"user": 16, "referal_key": "47226c51-0811-4c34-9ddc-a9a4333bcb58", "activation_key": null, "reset_key": null}}, {"model": "authentication.merchant", "pk": 1, "fields": {"user": 3, "merchant_id": "251875", "brand_name": "Under World", "whatsapp_number": null, "domain_name": null, "brand_logo": "brand-logo/sefu_logo_BFEO1VD.jpeg", "status": "Active", "fees_type": "Parcentage", "deposit_fees": "10.00", "payout_fees": "2.00", "withdraw_fees": "5.00", "is_active": true}}, {"model": "authentication.merchant", "pk": 9, "fields": {"user": 11, "merchant_id": "602308", "brand_name": "Under World", "whatsapp_number": null, "domain_name": null, "brand_logo": "", "status": "Active", "fees_type": "Parcentage", "deposit_fees": "5.00", "payout_fees": "5.00", "withdraw_fees": "5.00", "is_active": true}}, {"model": "authentication.merchant", "pk": 10, "fields": {"user": 12, "merchant_id": "277491", "brand_name": "Sakib Clothing Ltd", "whatsapp_number": null, "domain_name": null, "brand_logo": "", "status": "Active", "fees_type": "Parcentage", "deposit_fees": "5.00", "payout_fees": "5.00", "withdraw_fees": "5.00", "is_active": true}}, {"model": "authentication.merchant", "pk": 11, "fields": {"user": 13, "merchant_id": "536173", "brand_name": "Iqbal City", "whatsapp_number": null, "domain_name": null, "brand_logo": "", "status": "Active", "fees_type": "Parcentage", "deposit_fees": "5.00", "payout_fees": "5.00", "withdraw_fees": "5.00", "is_active": true}}, {"model": "authentication.merchant", "pk": 12, "fields": {"user": 14, "merchant_id": "537748", "brand_name": "Safa World", "whatsapp_number": null, "domain_name": null, "brand_logo": "", "status": "Active", "fees_type": "Parcentage", "deposit_fees": "5.00", "payout_fees": "5.00", "withdraw_fees": "5.00", "is_active": true}}, {"model": "authentication.merchant", "pk": 13, "fields": {"user": 15, "merchant_id": "994355", "brand_name": "Hello World", "whatsapp_number": null, "domain_name": null, "brand_logo": "", "status": "Active", "fees_type": "Parcentage", "deposit_fees": "5.00", "payout_fees": "5.00", "withdraw_fees": "5.00", "is_active": true}}, {"model": "authentication.merchant", "pk": 14, "fields": {"user": 16, "merchant_id": "148352", "brand_name": "Under Worldddd", "whatsapp_number": null, "domain_name": null, "brand_logo": "", "status": "Active", "fees_type": "Parcentage", "deposit_fees": "5.00", "payout_fees": "5.00", "withdraw_fees": "5.00", "is_active": true}}, {"model": "authentication.apikey", "pk": 2, "fields": {"merchant": 9, "api_key": "UOWrmZje4ep2vULHjVsnPSYWp9z4Ds6BdoBHfTAyeXs", "secret_key": "pbkdf2_sha256$1000000$h0QK5WwYQHGbQSf8vKkYKS$islVGvNagIr3uNHXc3bjqdTzoberpwbZ4OY0nyKM90A=", "is_active": true, "created_at": "2025-08-26T12:45:38.741Z"}}, {"model": "authentication.apikey", "pk": 5, "fields": {"merchant": 10, "api_key": "6B2svV_UPPB1v3v5ouKhs3EPxUzyVcqQDYTR4NK3lNg", "secret_key": "pbkdf2_sha256$1000000$UxptsIHcG7E5zu93qG4Due$gYHig2v38XveE7fQ6yqbrdKXUTvGXjWRuIB+JD7KrNg=", "is_active": true, "created_at": "2025-08-31T12:36:03.376Z"}}, {"model": "authentication.apikey", "pk": 6, "fields": {"merchant": 11, "api_key": "utrO0-WNr79DaySIjp2YCcJumrcIzYlGoacpOOgoB4Q", "secret_key": "pbkdf2_sha256$1000000$cqTotqL4eLPMzE9vmRRCzC$S11beyH8oRTb0XpklpDnOzly38mS8s+SDhXb6zn0gzI=", "is_active": true, "created_at": "2025-09-01T06:00:42.153Z"}}, {"model": "authentication.apikey", "pk": 7, "fields": {"merchant": 12, "api_key": "D-apTQj_hsPOkHLvfU1vLMkY_8SIpfwP_v32mgwG5Pc", "secret_key": "pbkdf2_sha256$1000000$IaMPc4vAOOp3ZMRBUzaKta$qEFukz7XIH3cJ6hVTO2mhboR3OOWU39/B06Kji4FrcE=", "is_active": true, "created_at": "2025-09-01T06:05:49.404Z"}}, {"model": "authentication.apikey", "pk": 8, "fields": {"merchant": 13, "api_key": "9fFuvNVsnvWvkm6GoGfZUxxPVG1P1MCkenoIMW41yjU", "secret_key": "pbkdf2_sha256$1000000$RkxJyz6CyHJSX7gZ4TRMCc$AhEVJvGU1FmA4q6w5fjkoG/L21ZlRRmN3LSLRIOxZSE=", "is_active": true, "created_at": "2025-09-01T06:35:52.276Z"}}, {"model": "authentication.apikey", "pk": 19, "fields": {"merchant": 1, "api_key": "uYrCPieV5yc26J1Y2ahxdSzPPMYdxYMK27KImJlUt8M", "secret_key": "pbkdf2_sha256$1000000$A3j8xcZRQ6KRHPOybd2W4v$7DMPEPv14ZUapIB9qbMhkQX07hAKq83sgZbAFBq1uLU=", "is_active": true, "created_at": "2025-09-01T09:28:49.026Z"}}, {"model": "authentication.apikey", "pk": 20, "fields": {"merchant": 14, "api_key": "QJ0TjH8dEmwtDgaMto4au1-k5mLKW3bk1ZRFDpk4Ldw", "secret_key": "pbkdf2_sha256$1000000$Mzy2u8J4hJ7ZDEyRWOCyUO$VkZjOFyLVp3LCUZTK1euQGts/aPKF6L9gBPgjEfJCd4=", "is_active": true, "created_at": "2025-09-01T12:35:54.288Z"}}, {"model": "authentication.merchantwallet", "pk": 1, "fields": {"merchant": 1, "wallet_id": "54cc2c1ed8e7403e9167b4271ee10fd5", "balance": "395.00", "withdraw_processing": "344.00", "total_withdraw": "6.00"}}, {"model": "authentication.merchantwallet", "pk": 2, "fields": {"merchant": 9, "wallet_id": "4df647c3aa4b41d09caf9f647383be5f", "balance": "0.00", "withdraw_processing": "0.00", "total_withdraw": "0.00"}}, {"model": "authentication.merchantwallet", "pk": 3, "fields": {"merchant": 10, "wallet_id": "73f6d35a2684462689510d9ef25e73a6", "balance": "0.00", "withdraw_processing": "0.00", "total_withdraw": "0.00"}}, {"model": "authentication.merchantwallet", "pk": 4, "fields": {"merchant": 11, "wallet_id": "9a3c73ab2a0d4eada6df301042742248", "balance": "0.00", "withdraw_processing": "0.00", "total_withdraw": "0.00"}}, {"model": "authentication.merchantwallet", "pk": 5, "fields": {"merchant": 12, "wallet_id": "0eeb9edbf4c54949a21fbd0b757ea074", "balance": "0.00", "withdraw_processing": "0.00", "total_withdraw": "0.00"}}, {"model": "authentication.merchantwallet", "pk": 6, "fields": {"merchant": 13, "wallet_id": "9e7216ddaeba46878a382e711226aa00", "balance": "0.00", "withdraw_processing": "0.00", "total_withdraw": "0.00"}}, {"model": "authentication.merchantwallet", "pk": 7, "fields": {"merchant": 14, "wallet_id": "7a72f427cfaa4baa8b99307a6fc3ee75", "balance": "0.00", "withdraw_processing": "0.00", "total_withdraw": "0.00"}}, {"model": "authentication.userpaymentmethod", "pk": 33, "fields": {"merchant": 1, "method_type": "bkash", "params": {"account_name": "personal", "account_number": "017366536645"}, "status": "active", "is_primary": false, "created_at": "2025-08-28T07:08:56.217Z", "updated_at": "2025-09-01T09:04:33.527Z"}}, {"model": "authentication.userpaymentmethod", "pk": 38, "fields": {"merchant": 1, "method_type": "nagad", "params": {"account_name": "personal", "account_number": "0175555557"}, "status": "active", "is_primary": true, "created_at": "2025-08-28T07:32:20.199Z", "updated_at": "2025-09-01T09:04:41.388Z"}}, {"model": "authentication.userpaymentmethod", "pk": 39, "fields": {"merchant": 1, "method_type": "nagad", "params": {"account_name": "personal", "account_number": "0175555557"}, "status": "active", "is_primary": false, "created_at": "2025-08-28T07:39:08.339Z", "updated_at": "2025-09-01T10:02:36.754Z"}}, {"model": "authentication.userpaymentmethod", "pk": 41, "fields": {"merchant": 1, "method_type": "bkash", "params": {"account_name": "personal", "account_number": "0175555557"}, "status": "deactive", "is_primary": false, "created_at": "2025-09-01T08:26:20.792Z", "updated_at": "2025-09-02T15:16:50.199Z"}}, {"model": "authentication.basepaymentgateway", "pk": 1, "fields": {"method": "bkash", "method_uuid": "b8b313b3fcab4ac5bd68eb61746171a9", "base_url": "https://tokenized.pay.bka.sh/v1.2.0-beta/", "details_json": {"app_key": "9APKg7pz0SvGWIh5LC6utTwvtc", "password": "bl{vK9|Uu#q", "username": "01880193022", "app_secret": "FeW60HAkOEx1y2ucJCY8xDNo3rT2UvTGsEGUBKqqrnH0K0EfWWx8", "product_name": "TokenizedCheckout"}, "callback_base_url": "https://api.zeonixpay.com", "created_at": "2025-08-26T05:27:11.459Z", "updated_at": "2025-08-28T18:19:02.393Z", "is_active": true}}, {"model": "authentication.basepaymentgateway", "pk": 2, "fields": {"method": "bkash", "method_uuid": "d71270a96e8a403291eb460ee81851df", "base_url": "https://tokenized.sandbox.bka.sh/v1.2.0-beta/", "details_json": {"app_key": "0vWQuCRGiUX7EPVjQDr0EUAYtc", "password": "D7DaC<*E*eG", "username": "01770618567", "app_secret": "jcUNPBgbcqEDedNKdvE4G1cAK7D3hCjmJccNPZZBq96QIxxwAMEx"}, "callback_base_url": "https://api.zeonixpay.com", "created_at": "2025-08-26T05:27:51.908Z", "updated_at": "2025-08-28T18:19:07.627Z", "is_active": false}}, {"model": "authentication.basepaymentgateway", "pk": 3, "fields": {"method": "bkash-agent", "method_uuid": "7c8a7b6da2344a88b317e333667b3e04", "base_url": null, "details_json": {"phone_number": "01771672286"}, "callback_base_url": "https://api.zeonixpay.com", "created_at": "2025-08-26T13:44:45.591Z", "updated_at": "2025-08-26T18:11:28.911Z", "is_active": true}}, {"model": "authentication.basepaymentgateway", "pk": 4, "fields": {"method": "nagad-agent", "method_uuid": "8b3d4910155b4570990d72f3361cd1dd", "base_url": null, "details_json": {"phone_number": "01771672286"}, "callback_base_url": "https://api.zeonixpay.com", "created_at": "2025-08-27T12:20:43.284Z", "updated_at": "2025-08-27T12:20:43.284Z", "is_active": true}}, {"model": "authentication.smsdevicekey", "pk": 1, "fields": {"device_name": "Vivo T22", "device_key": "067f2b9d32b542e2b63c0f2af8d2f21c", "device_pin": "pbkdf2_sha256$1000000$BCMzijDyInrg3uc8x66n2Q$AKW1nWB3BXjFXscOdUTKJ2H6QuQhoTlNVirvmkedFR8=", "is_active": true, "create_at": "2025-08-26T10:27:08.553Z", "updated_ta": "2025-08-26T10:27:47.133Z"}}, {"model": "authentication.smsdevicekey", "pk": 2, "fields": {"device_name": "Samsung M14", "device_key": "441d9d45d4384e1d95ae06f2e2c497e6", "device_pin": "pbkdf2_sha256$1000000$Ko0ds3BfIqloqe6US61U4C$LiZxJaYb+6hxS48wysRZOgw5OwB+I6H3OEtRg1P1WQo=", "is_active": true, "create_at": "2025-08-26T10:28:48.966Z", "updated_ta": "2025-08-26T10:29:04.845Z"}}, {"model": "authentication.smsdevicekey", "pk": 3, "fields": {"device_name": "Hardik Reno 6 Pro", "device_key": "0462a030c55d4f1r6pr0", "device_pin": "pbkdf2_sha256$1000000$7bC0XLC5ur2SYzlpzOtkQ6$NLQY30mbPdjGxP0Dj1nqBIFhGGJlrFjGhrAnDiuJiPE=", "is_active": true, "create_at": "2025-08-26T18:12:47.127Z", "updated_ta": "2025-08-26T18:13:19.806Z"}}, {"model": "authentication.storepaymentmessage", "pk": 2, "fields": {"device": null, "message_from": "bKash", "message": "", "payment_number": null, "trx_id": "Abcd", "message_amount": "430.00", "message_date": null, "is_verified": true, "create_at": "2025-08-27T12:48:12.391Z"}}, {"model": "authentication.storepaymentmessage", "pk": 3, "fields": {"device": 3, "message_from": "NAGAD", "message": "Cash In Successful.\nAmount: Tk 50.00\nCustomer: 01772880691\nTxnID: 74AUAC39\nComm: Tk 0.20\nBalance: Tk 3.40\n27/08/2025 18:49", "payment_number": "01772880691", "trx_id": "74AUAC39", "message_amount": "50.00", "message_date": "2025-08-27T12:49:00Z", "is_verified": true, "create_at": "2025-08-27T12:49:21.395Z"}}, {"model": "authentication.storepaymentmessage", "pk": 4, "fields": {"device": 3, "message_from": "NAGAD", "message": "Cash Out Received.\nAmount: Tk 50.00\nCustomer: 01772880691\nTxnID: 74AUAHJ4\nComm: Tk 0.20\nBalance: Tk 53.61\n27/08/2025 18:50", "payment_number": "01772880691", "trx_id": "74AUAHJ4", "message_amount": "50.00", "message_date": "2025-08-27T12:50:00Z", "is_verified": false, "create_at": "2025-08-27T12:50:12.399Z"}}, {"model": "authentication.storepaymentmessage", "pk": 5, "fields": {"device": 3, "message_from": "bKash", "message": "You have received Tk 50.00 from 01816547850. Fee Tk 0.00. Balance Tk 56.90. TrxID CHR9UEN86D at 27/08/2025 18:55", "payment_number": "01816547850", "trx_id": "CHR9UEN86D", "message_amount": "50.00", "message_date": "2025-08-27T12:55:00Z", "is_verified": true, "create_at": "2025-08-27T12:55:36.242Z"}}, {"model": "authentication.storepaymentmessage", "pk": 6, "fields": {"device": 3, "message_from": "bKash", "message": "Cash Out Tk 50.00 from 0130XXXX146 successful. Fee Tk 0.00. Balance Tk 51.76. TrxID CHR6UEOSUK at 27/08/2025 18:56", "payment_number": null, "trx_id": "CHR6UEOSUK", "message_amount": "50.00", "message_date": "2025-08-27T12:56:00Z", "is_verified": true, "create_at": "2025-08-27T12:56:20.196Z"}}, {"model": "authentication.storepaymentmessage", "pk": 7, "fields": {"device": 3, "message_from": "NAGAD", "message": "Cash In Successful.\nAmount: Tk 50.00\nCustomer: 01772880691\nTxnID: 74AWRUMM\nComm: Tk 0.20\nBalance: Tk 3.81\n28/08/2025 11:09", "payment_number": "01772880691", "trx_id": "74AWRUMM", "message_amount": "50.00", "message_date": "2025-08-28T05:09:00Z", "is_verified": false, "create_at": "2025-08-28T05:09:54.735Z"}}, {"model": "authentication.storepaymentmessage", "pk": 8, "fields": {"device": 3, "message_from": "NAGAD", "message": "B2B Received. \nAmount: Tk 3000.00\nSender: 01893436155\nTxnID: 74AYIOYF\nBalance: Tk 3003.81\n28/08/2025 18:17", "payment_number": null, "trx_id": "74AYIOYF", "message_amount": "3000.00", "message_date": "2025-08-28T12:17:00Z", "is_verified": false, "create_at": "2025-08-28T12:17:09.120Z"}}, {"model": "authentication.storepaymentmessage", "pk": 9, "fields": {"device": 2, "message_from": "bKash", "message": "Cash In Tk 500.00 from 01974737407 successful. Fee Tk 0.00. Balance Tk 659.35. TrxID CHS0VCOTQ8 at 28/08/2025 18:48. Download App: https://bKa.sh/8app", "payment_number": "01974737407", "trx_id": "CHS0VCOTQ8", "message_amount": "500.00", "message_date": "2025-08-28T12:48:00Z", "is_verified": false, "create_at": "2025-08-28T12:48:21.152Z"}}, {"model": "authentication.storepaymentmessage", "pk": 10, "fields": {"device": 3, "message_from": "NAGAD", "message": "Cash In Successful.\nAmount: Tk 105.00\nCustomer: 01791134589\nTxnID: 74AZ7F7V\nComm: Tk 0.43\nBalance: Tk 2899.24\n28/08/2025 20:07", "payment_number": "01791134589", "trx_id": "74AZ7F7V", "message_amount": "105.00", "message_date": "2025-08-28T14:07:00Z", "is_verified": false, "create_at": "2025-08-28T14:07:23.468Z"}}, {"model": "authentication.storepaymentmessage", "pk": 11, "fields": {"device": 3, "message_from": "NAGAD", "message": "Cash In Successful.\nAmount: Tk 900.00\nCustomer: 01772880691\nTxnID: 74AZ85S8\nComm: Tk 3.69\nBalance: Tk 2002.93\n28/08/2025 20:10", "payment_number": "01772880691", "trx_id": "74AZ85S8", "message_amount": "900.00", "message_date": "2025-08-28T14:10:00Z", "is_verified": false, "create_at": "2025-08-28T14:10:54.749Z"}}, {"model": "authentication.storepaymentmessage", "pk": 12, "fields": {"device": 3, "message_from": "NAGAD", "message": "Cash In Successful.\nAmount: Tk 210.00\nCustomer: 01336111939\nTxnID: 74AZBZMJ\nComm: Tk 0.86\nBalance: Tk 1793.79\n28/08/2025 20:29", "payment_number": "01336111939", "trx_id": "74AZBZMJ", "message_amount": "210.00", "message_date": "2025-08-28T14:29:00Z", "is_verified": false, "create_at": "2025-08-28T14:29:39.784Z"}}, {"model": "authentication.storepaymentmessage", "pk": 13, "fields": {"device": 3, "message_from": "bKash", "message": "Cash In Tk 890.00 from 01306541355 successful. Fee Tk 0.00. Balance Tk 896.16. TrxID CHS1VI7IFR at 28/08/2025 20:48. Download App: https://bKa.sh/8app", "payment_number": "01306541355", "trx_id": "CHS1VI7IFR", "message_amount": "890.00", "message_date": "2025-08-28T14:48:00Z", "is_verified": false, "create_at": "2025-08-28T14:48:43.018Z"}}, {"model": "authentication.storepaymentmessage", "pk": 14, "fields": {"device": 3, "message_from": "bKash", "message": "Cash Out Tk 883.00 from 0130XXXX146 successful. Fee Tk 0.00. Balance Tk 888.48. TrxID CHS2VIOGF8 at 28/08/2025 20:59", "payment_number": null, "trx_id": "CHS2VIOGF8", "message_amount": "883.00", "message_date": "2025-08-28T14:59:00Z", "is_verified": false, "create_at": "2025-08-28T14:59:59.171Z"}}, {"model": "authentication.storepaymentmessage", "pk": 15, "fields": {"device": 3, "message_from": "bKash", "message": "Cash Out Tk 200.00 from 0173XXXX591 successful. Fee Tk 0.00. Balance Tk 204.61. TrxID CHT7W427ZR at 29/08/2025 16:54", "payment_number": null, "trx_id": "CHT7W427ZR", "message_amount": "200.00", "message_date": "2025-08-29T10:54:00Z", "is_verified": false, "create_at": "2025-08-29T10:54:58.378Z"}}, {"model": "authentication.storepaymentmessage", "pk": 16, "fields": {"device": 3, "message_from": "NAGAD", "message": "Cash In Successful.\nAmount: Tk 1780.00\nCustomer: 01873037934\nTxnID: 74B37C6S\nComm: Tk 7.29\nBalance: Tk 21.09\n29/08/2025 19:25", "payment_number": "01873037934", "trx_id": "74B37C6S", "message_amount": "1780.00", "message_date": "2025-08-29T13:25:00Z", "is_verified": false, "create_at": "2025-08-29T13:25:47.941Z"}}, {"model": "authentication.storepaymentmessage", "pk": 17, "fields": {"device": 3, "message_from": "bKash", "message": "You have received Tk 2,500.00 from 01780068979. Fee Tk 0.00. Balance Tk 2,500.00. TrxID CHT4WCGKVS at 29/08/2025 20:33", "payment_number": "01780068979", "trx_id": "CHT4WCGKVS", "message_amount": "2500.00", "message_date": "2025-08-29T14:33:00Z", "is_verified": false, "create_at": "2025-08-29T14:34:03.192Z"}}, {"model": "authentication.storepaymentmessage", "pk": 18, "fields": {"device": 3, "message_from": "NAGAD", "message": "Cash Out Received.\nAmount: Tk 2840.00\nCustomer: 01873037934\nTxnID: 74B4JROX\nComm: Tk 11.64\nBalance: Tk 2872.73\n30/08/2025 00:45", "payment_number": "01873037934", "trx_id": "74B4JROX", "message_amount": "2840.00", "message_date": "2025-08-29T18:45:00Z", "is_verified": false, "create_at": "2025-08-29T18:45:38.830Z"}}, {"model": "authentication.storepaymentmessage", "pk": 19, "fields": {"device": 3, "message_from": "bKash", "message": "Cash In Tk 202.61 from 01771672286 successful. Fee Tk 0.00. Balance Tk 2,702.61. TrxID CHU9WJ8CWV at 30/08/2025 01:16. Download App: https://bKa.sh/8app", "payment_number": "01771672286", "trx_id": "CHU9WJ8CWV", "message_amount": "202.61", "message_date": "2025-08-29T19:16:00Z", "is_verified": false, "create_at": "2025-08-29T19:16:12.493Z"}}, {"model": "authentication.storepaymentmessage", "pk": 20, "fields": {"device": 3, "message_from": "NAGAD", "message": "Cash In Successful.\nAmount: Tk 2870.00\nCustomer: 01749165630\nTxnID: 74B4YL6X\nComm: Tk 11.76\nBalance: Tk 14.50\n30/08/2025 08:37", "payment_number": "01749165630", "trx_id": "74B4YL6X", "message_amount": "2870.00", "message_date": "2025-08-30T02:37:00Z", "is_verified": false, "create_at": "2025-08-30T02:37:33.453Z"}}, {"model": "authentication.storepaymentmessage", "pk": 21, "fields": {"device": 3, "message_from": "bKash", "message": "Cash Out Tk 50.00 from 0130XXXX146 successful. Fee Tk 0.00. Balance Tk 52.96. TrxID CHU10072W5 at 30/08/2025 18:33", "payment_number": null, "trx_id": "CHU10072W5", "message_amount": "50.00", "message_date": "2025-08-30T12:33:00Z", "is_verified": false, "create_at": "2025-08-30T12:33:10.714Z"}}, {"model": "authentication.storepaymentmessage", "pk": 22, "fields": {"device": 3, "message_from": "bKash", "message": "Cash In Tk 51.96 from 01771672286 successful. Fee Tk 0.00. Balance Tk 2,347.35. TrxID CHU3008T1Z at 30/08/2025 18:34. Download App: https://bKa.sh/8app", "payment_number": "01771672286", "trx_id": "CHU3008T1Z", "message_amount": "51.96", "message_date": "2025-08-30T12:34:00Z", "is_verified": false, "create_at": "2025-08-30T12:34:08.820Z"}}, {"model": "authentication.storepaymentmessage", "pk": 23, "fields": {"device": 3, "message_from": "NAGAD", "message": "Cash In Successful.\nAmount: Tk 235.00\nCustomer: 01873037934\nTxnID: 74BC13VR\nComm: Tk 0.96\nBalance: Tk 2802.81\n31/08/2025 20:34", "payment_number": "01873037934", "trx_id": "74BC13VR", "message_amount": "235.00", "message_date": "2025-08-31T14:34:00Z", "is_verified": false, "create_at": "2025-08-31T14:34:35.061Z"}}, {"model": "authentication.storepaymentmessage", "pk": 24, "fields": {"device": 3, "message_from": "NAGAD", "message": "Cash Out Received.\nAmount: Tk 200.00\nCustomer: 01772880691\nTxnID: 74BCNWJ1\nComm: Tk 0.82\nBalance: Tk 3003.63\n31/08/2025 22:40", "payment_number": "01772880691", "trx_id": "74BCNWJ1", "message_amount": "200.00", "message_date": "2025-08-31T16:40:00Z", "is_verified": false, "create_at": "2025-08-31T16:40:44.958Z"}}, {"model": "authentication.storepaymentmessage", "pk": 25, "fields": {"device": 3, "message_from": "NAGAD", "message": "Cash In Successful.\nAmount: Tk 3000.00\nCustomer: 01873037934\nTxnID: 74BCOY1S\nComm: Tk 12.30\nBalance: Tk 15.93\n31/08/2025 22:47", "payment_number": "01873037934", "trx_id": "74BCOY1S", "message_amount": "3000.00", "message_date": "2025-08-31T16:47:00Z", "is_verified": false, "create_at": "2025-08-31T16:49:50.712Z"}}, {"model": "authentication.storepaymentmessage", "pk": 26, "fields": {"device": 3, "message_from": "NAGAD", "message": "Cash Out Received.\nAmount: Tk 2985.00\nCustomer: 01772880691\nTxnID: 74BDKRIA\nComm: Tk 12.23\nBalance: Tk 3013.16\n01/09/2025 09:04", "payment_number": "01772880691", "trx_id": "74BDKRIA", "message_amount": "2985.00", "message_date": "2025-09-01T03:04:00Z", "is_verified": false, "create_at": "2025-09-01T03:06:34.202Z"}}, {"model": "authentication.storepaymentmessage", "pk": 27, "fields": {"device": 3, "message_from": "NAGAD", "message": "B2B Transfer Successful.\nAmount: Tk 3000.00\nReceiver: 01893436155\nTxnID: 74BEBQ1U\nBalance: Tk 13.16\n01/09/2025 12:11", "payment_number": "01893436155", "trx_id": "74BEBQ1U", "message_amount": "3000.00", "message_date": "2025-09-01T06:11:00Z", "is_verified": false, "create_at": "2025-09-01T06:11:30.460Z"}}, {"model": "authentication.storepaymentmessage", "pk": 28, "fields": {"device": 2, "message_from": "bKash", "message": "Cash In Tk 1,200.00 from 01847248730 successful. Fee Tk 0.00. Balance Tk 1,204.35. TrxID CI151Z3F1Z at 01/09/2025 19:07. Download App: https://bKa.sh/8app", "payment_number": "01847248730", "trx_id": "CI151Z3F1Z", "message_amount": "1200.00", "message_date": "2025-09-01T13:07:00Z", "is_verified": false, "create_at": "2025-09-01T13:07:28.677Z"}}, {"model": "authentication.storepaymentmessage", "pk": 29, "fields": {"device": 3, "message_from": "bKash", "message": "Cash In Tk 100.00 from 01771672286 successful. Fee Tk 0.00. Balance Tk 104.35. TrxID CI2632WICE at 02/09/2025 21:24. Download App: https://bKa.sh/8app", "payment_number": "01771672286", "trx_id": "CI2632WICE", "message_amount": "100.00", "message_date": "2025-09-02T15:24:00Z", "is_verified": false, "create_at": "2025-09-02T15:24:19.559Z"}}, {"model": "authentication.storepaymentmessage", "pk": 30, "fields": {"device": 3, "message_from": "bKash", "message": "Cash Out Tk 101.00 from 0130XXXX146 successful. Fee Tk 0.00. Balance Tk 103.37. TrxID CI2532Z07N at 02/09/2025 21:25", "payment_number": null, "trx_id": "CI2532Z07N", "message_amount": "101.00", "message_date": "2025-09-02T15:25:00Z", "is_verified": false, "create_at": "2025-09-02T15:25:50.145Z"}}, {"model": "core.invoice", "pk": 1, "fields": {"merchant": 1, "invoice_payment_id": "8e6b6e8b625a46d28cb1c29bfe4246a8", "callback_url": null, "method_payment_id": "TR0011kbiKvpt1756210218260", "customer_order_id": null, "customer_name": "Samim", "customer_number": "01601611167", "customer_amount": "5.00", "customer_email": "shawon@gmail.com", "customer_address": null, "customer_description": "", "method": "bkash", "payment_gateway": 1, "status": "active", "pay_status": "paid", "transaction_id": "CHQ0TFDU9O", "invoice_trxn": "KBN076636", "extras": "", "created_at": "2025-08-25T13:33:13.973Z"}}, {"model": "core.invoice", "pk": 2, "fields": {"merchant": 1, "invoice_payment_id": "7cbf92c99cbe42adb6e0fdff77dc846d", "callback_url": null, "method_payment_id": null, "customer_order_id": "1111", "customer_name": "samim", "customer_number": "01777", "customer_amount": "50.00", "customer_email": "samim@gmail.com", "customer_address": "mtoijheel", "customer_description": "", "method": null, "payment_gateway": null, "status": "active", "pay_status": "pending", "transaction_id": null, "invoice_trxn": "DIZ679145", "extras": "", "created_at": "2025-08-26T12:12:46.846Z"}}, {"model": "core.invoice", "pk": 3, "fields": {"merchant": 1, "invoice_payment_id": "ac2af7bad7fa4658ba046026512c0158", "callback_url": "http://zeonixpay.com", "method_payment_id": "TR0011GKzbESz1756274132066", "customer_order_id": "8888", "customer_name": "samim", "customer_number": "017765656565", "customer_amount": "50.00", "customer_email": "samim@gmail.com", "customer_address": "mtoijheel", "customer_description": "", "method": "bkash", "payment_gateway": 2, "status": "active", "pay_status": "paid", "transaction_id": "CHR30NBC93", "invoice_trxn": "YUJ149176", "extras": "", "created_at": "2025-08-27T05:34:52.266Z"}}, {"model": "core.invoice", "pk": 4, "fields": {"merchant": 1, "invoice_payment_id": "1913bef8517b403d900bc59da48ac0fe", "callback_url": null, "method_payment_id": "TR00116rLzJjz1756356757426", "customer_order_id": "8888", "customer_name": "samim", "customer_number": "017765656565", "customer_amount": "50.00", "customer_email": "samim@gmail.com", "customer_address": "mtoijheel", "customer_description": null, "method": null, "payment_gateway": 2, "status": "active", "pay_status": "pending", "transaction_id": null, "invoice_trxn": "RIM349076", "extras": null, "created_at": "2025-08-27T06:06:11.144Z"}}, {"model": "core.invoice", "pk": 5, "fields": {"merchant": 1, "invoice_payment_id": "4f7af5906fda4c989446867f7e079aee", "callback_url": "https://powerwatt.uk/pay.php?action=callback", "method_payment_id": null, "customer_order_id": "ORD-1756292332-2427", "customer_name": "Jewel Khan", "customer_number": "016789481941", "customer_amount": "51.00", "customer_email": null, "customer_address": null, "customer_description": null, "method": "bkash", "payment_gateway": null, "status": "active", "pay_status": "pending", "transaction_id": null, "invoice_trxn": "FZL036630", "extras": null, "created_at": "2025-08-27T10:58:53.910Z"}}, {"model": "core.invoice", "pk": 6, "fields": {"merchant": 1, "invoice_payment_id": "ac0f83ffb49f40aa93eb9392ca202d89", "callback_url": "https://powerwatt.uk/pay.php?action=callback", "method_payment_id": null, "customer_order_id": "ORD-1756292351-7121", "customer_name": "Samim Khan", "customer_number": "01676767676", "customer_amount": "51.00", "customer_email": null, "customer_address": null, "customer_description": null, "method": null, "payment_gateway": null, "status": "active", "pay_status": "pending", "transaction_id": null, "invoice_trxn": "UGP171500", "extras": null, "created_at": "2025-08-27T10:59:13.065Z"}}, {"model": "core.invoice", "pk": 7, "fields": {"merchant": 1, "invoice_payment_id": "5bc851ae53e0447d9250573b32df03a5", "callback_url": "https://powerwatt.uk/pay.php?action=callback", "method_payment_id": "TR0011YX9VnUm1756292414143", "customer_order_id": "ORD-1756292394-2652", "customer_name": "Samim khan", "customer_number": "01676767676", "customer_amount": "52.00", "customer_email": null, "customer_address": null, "customer_description": null, "method": "bkash-personal", "payment_gateway": 2, "status": "active", "pay_status": "pending", "transaction_id": null, "invoice_trxn": "THX325020", "extras": null, "created_at": "2025-08-27T10:59:55.392Z"}}, {"model": "core.invoice", "pk": 8, "fields": {"merchant": 1, "invoice_payment_id": "3f9dd1d7e975496f9922d66bef083405", "callback_url": "https://powerwatt.uk/pay.php?action=callback", "method_payment_id": null, "customer_order_id": "ORD-1756294151-6425", "customer_name": "Sakib", "customer_number": "01676767676", "customer_amount": "60.00", "customer_email": null, "customer_address": null, "customer_description": null, "method": null, "payment_gateway": null, "status": "active", "pay_status": "pending", "transaction_id": null, "invoice_trxn": "XVY521529", "extras": null, "created_at": "2025-08-27T11:29:13.158Z"}}, {"model": "core.invoice", "pk": 9, "fields": {"merchant": 1, "invoice_payment_id": "9dcf2cdcdee848f59d0eb0a0ae795b1e", "callback_url": "https://powerwatt.uk/pay.php?action=callback", "method_payment_id": null, "customer_order_id": "ORD-1756294168-2955", "customer_name": "Sakib", "customer_number": "01676767676", "customer_amount": "60.00", "customer_email": null, "customer_address": null, "customer_description": null, "method": null, "payment_gateway": null, "status": "active", "pay_status": "pending", "transaction_id": null, "invoice_trxn": "BYZ872962", "extras": null, "created_at": "2025-08-27T11:29:30.171Z"}}, {"model": "core.invoice", "pk": 10, "fields": {"merchant": 1, "invoice_payment_id": "2d2890e82fc54b44b754066962d42e69", "callback_url": "https://powerwatt.uk/pay.php?action=callback", "method_payment_id": null, "customer_order_id": "ORD-1756294430-5029", "customer_name": "Sakib Khan", "customer_number": "01676767670", "customer_amount": "60.00", "customer_email": null, "customer_address": null, "customer_description": null, "method": null, "payment_gateway": null, "status": "active", "pay_status": "pending", "transaction_id": null, "invoice_trxn": "EOB067454", "extras": null, "created_at": "2025-08-27T11:33:51.644Z"}}, {"model": "core.invoice", "pk": 11, "fields": {"merchant": 1, "invoice_payment_id": "a0dfac4eea194e918c811f7077ecfa6f", "callback_url": "https://powerwatt.uk/pay.php?action=callback", "method_payment_id": null, "customer_order_id": "ORD-1756294440-3734", "customer_name": "Sakib Khan", "customer_number": "01676767670", "customer_amount": "60.00", "customer_email": null, "customer_address": null, "customer_description": null, "method": "bkash-personal", "payment_gateway": null, "status": "active", "pay_status": "pending", "transaction_id": null, "invoice_trxn": "PXD065693", "extras": null, "created_at": "2025-08-27T11:34:01.658Z"}}, {"model": "core.invoice", "pk": 12, "fields": {"merchant": 1, "invoice_payment_id": "b43d8a92e477453aa45f6d5bbee68ced", "callback_url": "https://powerwatt.uk/pay.php?action=callback", "method_payment_id": null, "customer_order_id": "ORD-1756296205-3510", "customer_name": "Sakib Khan", "customer_number": "01676767676", "customer_amount": "50.00", "customer_email": null, "customer_address": null, "customer_description": null, "method": null, "payment_gateway": null, "status": "active", "pay_status": "pending", "transaction_id": null, "invoice_trxn": "TVK145647", "extras": null, "created_at": "2025-08-27T12:03:26.458Z"}}, {"model": "core.invoice", "pk": 13, "fields": {"merchant": 1, "invoice_payment_id": "16bf36531f6644b28854b798db5f4cfe", "callback_url": "https://powerwatt.uk/pay.php?action=callback", "method_payment_id": null, "customer_order_id": "ORD-1756296227-3770", "customer_name": "Sakib Khan", "customer_number": "01676767676", "customer_amount": "50.00", "customer_email": null, "customer_address": null, "customer_description": null, "method": "bkash-personal", "payment_gateway": null, "status": "active", "pay_status": "pending", "transaction_id": null, "invoice_trxn": "ORL474706", "extras": null, "created_at": "2025-08-27T12:03:48.303Z"}}, {"model": "core.invoice", "pk": 14, "fields": {"merchant": 1, "invoice_payment_id": "6dbf3ce5f0b345d59487cf5fbd57d38c", "callback_url": "https://powerwatt.uk/pay.php?action=callback", "method_payment_id": "TR0011PsUOoa51756298529730", "customer_order_id": "ORD-1756296252-6409", "customer_name": "Sakib Khan", "customer_number": "01676767676", "customer_amount": "60.00", "customer_email": null, "customer_address": null, "customer_description": null, "method": "nagad-personal", "payment_gateway": 2, "status": "active", "pay_status": "paid", "transaction_id": "CHR70NBGYX", "invoice_trxn": "KMO614280", "extras": null, "created_at": "2025-08-27T12:04:14.221Z"}}, {"model": "core.invoice", "pk": 15, "fields": {"merchant": 1, "invoice_payment_id": "e4d17f6a741346309a983ccd2db24c8e", "callback_url": "https://powerwatt.uk/pay.php?action=callback", "method_payment_id": null, "customer_order_id": "ORD-1756297013-7924", "customer_name": "Jewel Boss", "customer_number": "01676767669", "customer_amount": "55.00", "customer_email": null, "customer_address": null, "customer_description": null, "method": "bkash-personal", "payment_gateway": null, "status": "active", "pay_status": "pending", "transaction_id": null, "invoice_trxn": "DTJ227862", "extras": null, "created_at": "2025-08-27T12:16:54.547Z"}}, {"model": "core.invoice", "pk": 16, "fields": {"merchant": 1, "invoice_payment_id": "31fc4a527b5a40bd9dc19724dc110379", "callback_url": "https://powerwatt.uk/pay.php?action=callback", "method_payment_id": null, "customer_order_id": "ORD-1756297068-5266", "customer_name": "Jewel Boss", "customer_number": "01676767669", "customer_amount": "55.00", "customer_email": null, "customer_address": null, "customer_description": null, "method": "bkash", "payment_gateway": null, "status": "active", "pay_status": "pending", "transaction_id": null, "invoice_trxn": "NIA735007", "extras": null, "created_at": "2025-08-27T12:17:49.791Z"}}, {"model": "core.invoice", "pk": 17, "fields": {"merchant": 1, "invoice_payment_id": "368b58d455b94ce18dc2bf5426e25677", "callback_url": "https://powerwatt.uk/pay.php?action=callback", "method_payment_id": null, "customer_order_id": "ORD-1756297073-2605", "customer_name": "Jewel Boss", "customer_number": "01676767669", "customer_amount": "55.00", "customer_email": null, "customer_address": null, "customer_description": null, "method": "bkash", "payment_gateway": null, "status": "active", "pay_status": "pending", "transaction_id": null, "invoice_trxn": "KIQ844706", "extras": null, "created_at": "2025-08-27T12:17:55.241Z"}}, {"model": "core.invoice", "pk": 18, "fields": {"merchant": 1, "invoice_payment_id": "3f5ecb0fcdc64745982c16c4c25c61ac", "callback_url": "https://powerwatt.uk/pay.php?action=callback", "method_payment_id": null, "customer_order_id": "ORD-1756297087-2218", "customer_name": "Sakib Khan", "customer_number": "01676767676", "customer_amount": "60.00", "customer_email": null, "customer_address": null, "customer_description": null, "method": "bkash", "payment_gateway": null, "status": "active", "pay_status": "pending", "transaction_id": null, "invoice_trxn": "BZA726450", "extras": null, "created_at": "2025-08-27T12:18:08.330Z"}}, {"model": "core.invoice", "pk": 19, "fields": {"merchant": 1, "invoice_payment_id": "7aad9cf75fc845739a2d185d3eb888bb", "callback_url": "https://powerwatt.uk/pay.php?action=callback", "method_payment_id": null, "customer_order_id": "ORD-1756297088-1876", "customer_name": "Sakib Khan", "customer_number": "01676767676", "customer_amount": "60.00", "customer_email": null, "customer_address": null, "customer_description": null, "method": "bkash", "payment_gateway": null, "status": "active", "pay_status": "pending", "transaction_id": null, "invoice_trxn": "TPG415112", "extras": null, "created_at": "2025-08-27T12:18:09.657Z"}}, {"model": "core.invoice", "pk": 20, "fields": {"merchant": 1, "invoice_payment_id": "f0eb9748afe543cfb821a2e837c8cfa7", "callback_url": "https://powerwatt.uk/pay.php?action=callback", "method_payment_id": null, "customer_order_id": "ORD-1756297993-1685", "customer_name": "Imtiaz Khan", "customer_number": "01678187515", "customer_amount": "50.00", "customer_email": null, "customer_address": null, "customer_description": null, "method": "bkash", "payment_gateway": null, "status": "active", "pay_status": "pending", "transaction_id": null, "invoice_trxn": "HHQ912180", "extras": null, "created_at": "2025-08-27T12:33:14.371Z"}}, {"model": "core.invoice", "pk": 21, "fields": {"merchant": 1, "invoice_payment_id": "00aa53823a464449827dc2565bff2f13", "callback_url": "https://powerwatt.uk/pay.php?action=callback", "method_payment_id": null, "customer_order_id": "ORD-1756298067-5222", "customer_name": "Imtiaz Khan", "customer_number": "01676767671", "customer_amount": "60.00", "customer_email": null, "customer_address": null, "customer_description": null, "method": "bkash-agent", "payment_gateway": null, "status": "active", "pay_status": "pending", "transaction_id": null, "invoice_trxn": "EOA099789", "extras": null, "created_at": "2025-08-27T12:34:28.300Z"}}, {"model": "core.invoice", "pk": 22, "fields": {"merchant": 1, "invoice_payment_id": "a1af516dddc9433b9efcbd78516a56a1", "callback_url": "https://powerwatt.uk/pay.php?action=callback", "method_payment_id": null, "customer_order_id": "ORD-1756298776-6279", "customer_name": "Samim Sabun", "customer_number": "01877923005", "customer_amount": "430.00", "customer_email": null, "customer_address": null, "customer_description": null, "method": "bkash", "payment_gateway": null, "status": "active", "pay_status": "pending", "transaction_id": null, "invoice_trxn": "VSZ931467", "extras": null, "created_at": "2025-08-27T12:46:18.220Z"}}, {"model": "core.invoice", "pk": 23, "fields": {"merchant": 1, "invoice_payment_id": "fa3369372fe8438997e44e4eb8903921", "callback_url": "https://powerwatt.uk/pay.php?action=callback", "method_payment_id": null, "customer_order_id": "ORD-1756298804-6798", "customer_name": "Samim Sabuj", "customer_number": "01877923005", "customer_amount": "430.00", "customer_email": null, "customer_address": null, "customer_description": null, "method": "bkash-agent", "payment_gateway": 3, "status": "active", "pay_status": "paid", "transaction_id": "Abcd", "invoice_trxn": "SOP480984", "extras": null, "created_at": "2025-08-27T12:46:46.243Z"}}, {"model": "core.invoice", "pk": 24, "fields": {"merchant": 1, "invoice_payment_id": "db9baa89c25440a1a92e9293713f82f0", "callback_url": "https://powerwatt.uk/pay.php?action=callback", "method_payment_id": null, "customer_order_id": "ORD-1756298859-7814", "customer_name": "Hardik", "customer_number": "01772880691", "customer_amount": "50.00", "customer_email": null, "customer_address": null, "customer_description": null, "method": "nagad-agent", "payment_gateway": 4, "status": "active", "pay_status": "paid", "transaction_id": "74AUAC39", "invoice_trxn": "MVV933301", "extras": null, "created_at": "2025-08-27T12:47:40.713Z"}}, {"model": "core.invoice", "pk": 25, "fields": {"merchant": 1, "invoice_payment_id": "0b906cabd394410d82073c1adfb5045f", "callback_url": "https://powerwatt.uk/pay.php?action=callback", "method_payment_id": null, "customer_order_id": "ORD-1756299242-2196", "customer_name": "Bkash Hardik", "customer_number": "01302492146", "customer_amount": "50.00", "customer_email": null, "customer_address": null, "customer_description": null, "method": "bkash-agent", "payment_gateway": 3, "status": "active", "pay_status": "paid", "transaction_id": "CHR9UEN86D", "invoice_trxn": "PRU818076", "extras": null, "created_at": "2025-08-27T12:54:03.966Z"}}, {"model": "core.invoice", "pk": 26, "fields": {"merchant": 1, "invoice_payment_id": "fff98460365c494ba7a4e939c632d32a", "callback_url": "https://powerwatt.uk/pay.php?action=callback", "method_payment_id": null, "customer_order_id": "ORD-1756299460-8692", "customer_name": "Bkash", "customer_number": "01601611167", "customer_amount": "1.00", "customer_email": null, "customer_address": null, "customer_description": null, "method": "bkash", "payment_gateway": null, "status": "active", "pay_status": "pending", "transaction_id": null, "invoice_trxn": "ZMD071571", "extras": null, "created_at": "2025-08-27T12:57:42.161Z"}}, {"model": "core.invoice", "pk": 27, "fields": {"merchant": 1, "invoice_payment_id": "72306a0f78294d6c9835bc21abc5148b", "callback_url": "https://powerwatt.uk/pay.php?action=callback", "method_payment_id": "TR0011whGiT2D1756317546466", "customer_order_id": "ORD-1756317270-1113", "customer_name": "Samim Osman", "customer_number": "01775155760", "customer_amount": "5.00", "customer_email": "samim.o.sabuj01@gmail.com", "customer_address": null, "customer_description": null, "method": "bkash", "payment_gateway": 2, "status": "active", "pay_status": "paid", "transaction_id": "CHR90NBI43", "invoice_trxn": "UEZ467400", "extras": null, "created_at": "2025-08-27T17:54:31.958Z"}}, {"model": "core.invoice", "pk": 28, "fields": {"merchant": 1, "invoice_payment_id": "d9e285bbfcdd4f08a46e964472cd83b4", "callback_url": "https://powerwatt.uk/pay.php?action=callback", "method_payment_id": null, "customer_order_id": "ORD-1756317451-4832", "customer_name": "Samim Osman", "customer_number": "01775155760", "customer_amount": "15.00", "customer_email": "samim.o.sabuj01@gmail.com", "customer_address": null, "customer_description": null, "method": "bkash", "payment_gateway": null, "status": "active", "pay_status": "pending", "transaction_id": null, "invoice_trxn": "YSH355276", "extras": null, "created_at": "2025-08-27T17:57:32.717Z"}}, {"model": "core.invoice", "pk": 29, "fields": {"merchant": 1, "invoice_payment_id": "a34fae0560724294b0a3fa458dba9cf5", "callback_url": "https://powerwatt.uk/pay.php?action=callback", "method_payment_id": null, "customer_order_id": "ORD-1756317694-4859", "customer_name": "SAMIM OSMAN", "customer_number": "01775155760", "customer_amount": "25.00", "customer_email": "samim.o.sabuj03@gmail.com", "customer_address": null, "customer_description": null, "method": "nagad", "payment_gateway": null, "status": "active", "pay_status": "pending", "transaction_id": null, "invoice_trxn": "FTL823697", "extras": null, "created_at": "2025-08-27T18:01:35.480Z"}}, {"model": "core.invoice", "pk": 30, "fields": {"merchant": 1, "invoice_payment_id": "8317bb9d03e9490ca87cd0d447dcdeb9", "callback_url": "https://powerwatt.uk/pay.php?action=callback", "method_payment_id": null, "customer_order_id": "ORD-1756319253-3270", "customer_name": "Samim Osman", "customer_number": "01775155760", "customer_amount": "35.00", "customer_email": "samim.o.sabuj01@gmail.com", "customer_address": null, "customer_description": null, "method": null, "payment_gateway": null, "status": "active", "pay_status": "pending", "transaction_id": null, "invoice_trxn": "KCF539156", "extras": null, "created_at": "2025-08-27T18:27:35.094Z"}}, {"model": "core.invoice", "pk": 31, "fields": {"merchant": 1, "invoice_payment_id": "6e7a431ee53445df8e47e59b6a0d1739", "callback_url": "https://powerwatt.uk/pay.php?action=callback", "method_payment_id": "TR0011KPplNDJ1756320929500", "customer_order_id": "ORD-1756320927-9019", "customer_name": "Jibon Mahmud", "customer_number": "01775155760", "customer_amount": "5.00", "customer_email": "samim.o.sabuj01@gmail.com", "customer_address": null, "customer_description": null, "method": "bkash", "payment_gateway": 2, "status": "active", "pay_status": "paid", "transaction_id": "CHS90NBI9N", "invoice_trxn": "YDH894780", "extras": null, "created_at": "2025-08-27T18:55:28.574Z"}}, {"model": "core.invoice", "pk": 32, "fields": {"merchant": 1, "invoice_payment_id": "0e526a387ad9412c83bf077cc6e852db", "callback_url": "https://powerwatt.uk/pay.php?action=callback", "method_payment_id": null, "customer_order_id": "ORD-1756397024-6128", "customer_name": "Shawon", "customer_number": "01676767676", "customer_amount": "100.00", "customer_email": null, "customer_address": null, "customer_description": null, "method": null, "payment_gateway": null, "status": "active", "pay_status": "pending", "transaction_id": null, "invoice_trxn": "EBV792681", "extras": null, "created_at": "2025-08-28T16:03:45.603Z"}}, {"model": "core.invoice", "pk": 33, "fields": {"merchant": 1, "invoice_payment_id": "2c42758976524c0cb835d2ddd84873a8", "callback_url": "https://powerwatt.uk/pay.php?action=callback", "method_payment_id": null, "customer_order_id": "ORD-1756398387-8671", "customer_name": "Sakib", "customer_number": "01676767670", "customer_amount": "500.00", "customer_email": null, "customer_address": null, "customer_description": null, "method": null, "payment_gateway": null, "status": "active", "pay_status": "pending", "transaction_id": null, "invoice_trxn": "KCE617896", "extras": null, "created_at": "2025-08-28T16:26:44.793Z"}}, {"model": "core.invoice", "pk": 34, "fields": {"merchant": 1, "invoice_payment_id": "61f468471ada49f191a7bdc75bb1a881", "callback_url": "https://powerwatt.uk/pay.php?action=callback", "method_payment_id": null, "customer_order_id": "ORD-1756404458-7838", "customer_name": "saa", "customer_number": "01676767676", "customer_amount": "0.00", "customer_email": null, "customer_address": null, "customer_description": null, "method": "bkash", "payment_gateway": 2, "status": "active", "pay_status": "pending", "transaction_id": null, "invoice_trxn": "ZUH001580", "extras": null, "created_at": "2025-08-28T18:07:39.405Z"}}, {"model": "core.invoice", "pk": 35, "fields": {"merchant": 1, "invoice_payment_id": "409b8f701649426895c8bc834dc8fbd9", "callback_url": "https://powerwatt.uk/pay.php?action=callback", "method_payment_id": "TR0011w6mbhaF1756405157411", "customer_order_id": "ORD-1756404538-3753", "customer_name": "safafa", "customer_number": "01676767676", "customer_amount": "51.00", "customer_email": null, "customer_address": null, "customer_description": null, "method": "bkash-agent", "payment_gateway": 1, "status": "active", "pay_status": "pending", "transaction_id": null, "invoice_trxn": "QOX596939", "extras": null, "created_at": "2025-08-28T18:09:00.203Z"}}, {"model": "core.invoice", "pk": 36, "fields": {"merchant": 1, "invoice_payment_id": "7baa0a5618e64b14927bbf40e3b31dd8", "callback_url": "https://powerwatt.uk/pay.php?action=callback", "method_payment_id": null, "customer_order_id": "ORD-1756405179-9768", "customer_name": "fafaf", "customer_number": "01676767670", "customer_amount": "60.00", "customer_email": null, "customer_address": null, "customer_description": null, "method": "bkash", "payment_gateway": null, "status": "active", "pay_status": "pending", "transaction_id": null, "invoice_trxn": "RJX575028", "extras": null, "created_at": "2025-08-28T18:19:41.383Z"}}, {"model": "core.invoice", "pk": 37, "fields": {"merchant": 1, "invoice_payment_id": "5d0ad8d5b02e4ed39f5f262b1608aa49", "callback_url": "https://powerwatt.uk/pay.php?action=callback", "method_payment_id": null, "customer_order_id": "ORD-1756725051-1573", "customer_name": "Tamim Ibal", "customer_number": "01983763764774", "customer_amount": "100.00", "customer_email": null, "customer_address": null, "customer_description": null, "method": "bkash-agent", "payment_gateway": 3, "status": "active", "pay_status": "paid", "transaction_id": "CHR6UEOSUK", "invoice_trxn": "JZH306856", "extras": null, "created_at": "2025-09-01T11:10:52.865Z"}}, {"model": "core.paymenttransfer", "pk": 1, "fields": {"merchant": 1, "trx_id": null, "trx_uuid": "12946b43292d4e4dbb6a47d27303899e", "receiver_name": "Samim", "receiver_number": "0177666884", "amount": "100.00", "payment_method": "bkash", "payment_details": "{\"account_name\":\"Samim\",\"account_number\":\"0177666884\"}", "status": "success", "created_at": "2025-08-28T16:56:21.711Z"}}, {"model": "core.paymenttransfer", "pk": 2, "fields": {"merchant": 1, "trx_id": null, "trx_uuid": "f8931088bedb4ca7946ee9925c873e05", "receiver_name": "Samim", "receiver_number": "0177666884", "amount": "50.00", "payment_method": "bkash", "payment_details": "{\"account_name\":\"Samim\",\"account_number\":\"0177666884\"}", "status": "pending", "created_at": "2025-09-01T11:15:14.075Z"}}, {"model": "core.withdrawrequest", "pk": 1, "fields": {"merchant": 1, "payment_method": null, "amount": "50.00", "status": "pending", "message": null, "trx_id": null, "trx_uuid": "ea8bddee7c044222b4a4424c579e8e96", "created_at": "2025-08-27T07:29:39.159Z", "updated_at": "2025-08-27T07:29:39.160Z"}}, {"model": "core.withdrawrequest", "pk": 2, "fields": {"merchant": 1, "payment_method": null, "amount": "1.00", "status": "pending", "message": null, "trx_id": null, "trx_uuid": "0372b6bf21e24cb280f0d27e90226e59", "created_at": "2025-08-27T07:40:39.597Z", "updated_at": "2025-08-27T07:40:39.597Z"}}, {"model": "core.withdrawrequest", "pk": 3, "fields": {"merchant": 1, "payment_method": null, "amount": "1.00", "status": "pending", "message": null, "trx_id": null, "trx_uuid": "17fd6a5051304731b79f7c4aa327c44b", "created_at": "2025-08-27T07:42:17.186Z", "updated_at": "2025-08-27T07:42:17.186Z"}}, {"model": "core.withdrawrequest", "pk": 4, "fields": {"merchant": 1, "payment_method": null, "amount": "6.00", "status": "success", "message": "", "trx_id": "74AGOSUKddff", "trx_uuid": "bb841b2984c5464cbb574a590b908839", "created_at": "2025-08-28T04:59:00.055Z", "updated_at": "2025-08-31T17:39:35.734Z"}}, {"model": "core.withdrawrequest", "pk": 5, "fields": {"merchant": 1, "payment_method": 33, "amount": "1.00", "status": "pending", "message": null, "trx_id": null, "trx_uuid": "51d667ac427849288de334c4ea9029e1", "created_at": "2025-08-28T09:09:39.895Z", "updated_at": "2025-08-28T09:09:39.895Z"}}, {"model": "core.withdrawrequest", "pk": 6, "fields": {"merchant": 1, "payment_method": 33, "amount": "10.00", "status": "pending", "message": null, "trx_id": null, "trx_uuid": "cbfddfb715fc4d679672b6f7defb8537", "created_at": "2025-08-28T09:10:10.986Z", "updated_at": "2025-08-28T09:10:10.986Z"}}, {"model": "core.withdrawrequest", "pk": 7, "fields": {"merchant": 1, "payment_method": 39, "amount": "10.00", "status": "pending", "message": null, "trx_id": null, "trx_uuid": "073de96a514b441699cf1d94779e4229", "created_at": "2025-08-28T09:11:18.105Z", "updated_at": "2025-08-28T09:11:18.105Z"}}, {"model": "core.withdrawrequest", "pk": 8, "fields": {"merchant": 1, "payment_method": 39, "amount": "20.00", "status": "pending", "message": null, "trx_id": null, "trx_uuid": "2006ab65f721450e8eea893be53ab3e6", "created_at": "2025-08-28T09:15:27.131Z", "updated_at": "2025-08-28T09:15:27.131Z"}}, {"model": "core.withdrawrequest", "pk": 9, "fields": {"merchant": 1, "payment_method": 33, "amount": "100.00", "status": "pending", "message": null, "trx_id": null, "trx_uuid": "72e928bd426a4c83957449e44a1e25e2", "created_at": "2025-08-28T09:16:29.360Z", "updated_at": "2025-08-28T09:16:29.360Z"}}, {"model": "core.withdrawrequest", "pk": 10, "fields": {"merchant": 1, "payment_method": 38, "amount": "1.00", "status": "pending", "message": null, "trx_id": null, "trx_uuid": "c11887a7e5f44b4585d60680b4c5c57a", "created_at": "2025-09-01T09:53:11.692Z", "updated_at": "2025-09-01T09:53:11.692Z"}}, {"model": "core.wallettransaction", "pk": 1, "fields": {"wallet": 1, "merchant": 1, "ip_address": null, "content_type": 19, "object_id": 1, "amount": "5.00", "fee": "0.75", "net_amount": "4.25", "previous_balance": "0.00", "current_balance": "5.00", "method": "bkash", "status": "success", "created_at": "2025-08-26T12:10:52.665Z", "trx_id": "CHQ0TFDU9O", "trx_uuid": "211a413f24294e5d94baac7537ea6971", "tran_type": "credit"}}, {"model": "core.wallettransaction", "pk": 2, "fields": {"wallet": 1, "merchant": 1, "ip_address": null, "content_type": 19, "object_id": 3, "amount": "50.00", "fee": "5.00", "net_amount": "45.00", "previous_balance": "5.00", "current_balance": "55.00", "method": "bkash", "status": "success", "created_at": "2025-08-27T05:55:46.742Z", "trx_id": "CHR30NBC93", "trx_uuid": "722591a250ac465db77a9fc0e6954963", "tran_type": "credit"}}, {"model": "core.wallettransaction", "pk": 3, "fields": {"wallet": 1, "merchant": 1, "ip_address": null, "content_type": 21, "object_id": 1, "amount": "50.00", "fee": "5.00", "net_amount": "45.00", "previous_balance": "55.00", "current_balance": "5.00", "method": "bkash", "status": "pending", "created_at": "2025-08-27T07:29:39.167Z", "trx_id": null, "trx_uuid": "54e814b2a9b544d78e64fe03d21eb9a9", "tran_type": "debit"}}, {"model": "core.wallettransaction", "pk": 4, "fields": {"wallet": 1, "merchant": 1, "ip_address": null, "content_type": 21, "object_id": 2, "amount": "1.00", "fee": "0.10", "net_amount": "0.90", "previous_balance": "5.00", "current_balance": "4.00", "method": "bkash", "status": "pending", "created_at": "2025-08-27T07:40:39.604Z", "trx_id": null, "trx_uuid": "2ca96babc519423e88b74293a94a8fbb", "tran_type": "debit"}}, {"model": "core.wallettransaction", "pk": 5, "fields": {"wallet": 1, "merchant": 1, "ip_address": null, "content_type": 21, "object_id": 3, "amount": "1.00", "fee": "0.10", "net_amount": "0.90", "previous_balance": "4.00", "current_balance": "3.00", "method": "nagad", "status": "pending", "created_at": "2025-08-27T07:42:17.191Z", "trx_id": null, "trx_uuid": "69a489bfc5844546a77a98f02ced19ef", "tran_type": "debit"}}, {"model": "core.wallettransaction", "pk": 6, "fields": {"wallet": 1, "merchant": 1, "ip_address": null, "content_type": 19, "object_id": 14, "amount": "60.00", "fee": "6.00", "net_amount": "54.00", "previous_balance": "3.00", "current_balance": "63.00", "method": "nagad-personal", "status": "success", "created_at": "2025-08-27T12:42:32.220Z", "trx_id": "CHR70NBGYX", "trx_uuid": "bc0891b67dd541779e754a6cb25cb646", "tran_type": "credit"}}, {"model": "core.wallettransaction", "pk": 7, "fields": {"wallet": 1, "merchant": 1, "ip_address": null, "content_type": 19, "object_id": 23, "amount": "430.00", "fee": "43.00", "net_amount": "387.00", "previous_balance": "63.00", "current_balance": "493.00", "method": "bkash-agent", "status": "success", "created_at": "2025-08-27T12:48:44.619Z", "trx_id": "Abcd", "trx_uuid": "d61090382ab242b7a5f41995a7ffb461", "tran_type": "credit"}}, {"model": "core.wallettransaction", "pk": 8, "fields": {"wallet": 1, "merchant": 1, "ip_address": null, "content_type": 19, "object_id": 24, "amount": "50.00", "fee": "5.00", "net_amount": "45.00", "previous_balance": "493.00", "current_balance": "543.00", "method": "nagad-agent", "status": "success", "created_at": "2025-08-27T12:50:08.122Z", "trx_id": "74AUAC39", "trx_uuid": "1272ce6be2834535b1a8d8a58b47e5d6", "tran_type": "credit"}}, {"model": "core.wallettransaction", "pk": 9, "fields": {"wallet": 1, "merchant": 1, "ip_address": null, "content_type": 19, "object_id": 25, "amount": "50.00", "fee": "5.00", "net_amount": "45.00", "previous_balance": "543.00", "current_balance": "593.00", "method": "bkash-agent", "status": "success", "created_at": "2025-08-27T12:56:15.440Z", "trx_id": "CHR9UEN86D", "trx_uuid": "599f0404ca38485d8940ca39617c565e", "tran_type": "credit"}}, {"model": "core.wallettransaction", "pk": 10, "fields": {"wallet": 1, "merchant": 1, "ip_address": null, "content_type": 19, "object_id": 27, "amount": "5.00", "fee": "0.50", "net_amount": "4.50", "previous_balance": "593.00", "current_balance": "598.00", "method": "bkash", "status": "success", "created_at": "2025-08-27T17:59:40.194Z", "trx_id": "CHR90NBI43", "trx_uuid": "861533b1509a4c60a3b96629b7161c09", "tran_type": "credit"}}, {"model": "core.wallettransaction", "pk": 11, "fields": {"wallet": 1, "merchant": 1, "ip_address": null, "content_type": 19, "object_id": 31, "amount": "5.00", "fee": "0.50", "net_amount": "4.50", "previous_balance": "598.00", "current_balance": "603.00", "method": "bkash", "status": "success", "created_at": "2025-08-27T18:56:03.525Z", "trx_id": "CHS90NBI9N", "trx_uuid": "24ac8569aeab460093bfd6728b448c64", "tran_type": "credit"}}, {"model": "core.wallettransaction", "pk": 12, "fields": {"wallet": 1, "merchant": 1, "ip_address": null, "content_type": 21, "object_id": 4, "amount": "6.00", "fee": "0.60", "net_amount": "5.40", "previous_balance": "603.00", "current_balance": "597.00", "method": null, "status": "success", "created_at": "2025-08-28T04:59:00.063Z", "trx_id": "74AGOSUKddff", "trx_uuid": "10b0d67a46d349e68ee9587bcf4b02b2", "tran_type": "debit"}}, {"model": "core.wallettransaction", "pk": 13, "fields": {"wallet": 1, "merchant": 1, "ip_address": null, "content_type": 21, "object_id": 5, "amount": "1.00", "fee": "0.10", "net_amount": "0.90", "previous_balance": "597.00", "current_balance": "596.00", "method": "bkash", "status": "pending", "created_at": "2025-08-28T09:09:39.905Z", "trx_id": null, "trx_uuid": "e689f5190e244fa4a24d9225625e8bf5", "tran_type": "debit"}}, {"model": "core.wallettransaction", "pk": 14, "fields": {"wallet": 1, "merchant": 1, "ip_address": null, "content_type": 21, "object_id": 6, "amount": "10.00", "fee": "1.00", "net_amount": "9.00", "previous_balance": "596.00", "current_balance": "586.00", "method": "bkash", "status": "pending", "created_at": "2025-08-28T09:10:10.993Z", "trx_id": null, "trx_uuid": "6f2c38bdf4c04b7f9cb32988fcb02420", "tran_type": "debit"}}, {"model": "core.wallettransaction", "pk": 15, "fields": {"wallet": 1, "merchant": 1, "ip_address": null, "content_type": 21, "object_id": 7, "amount": "10.00", "fee": "1.00", "net_amount": "9.00", "previous_balance": "586.00", "current_balance": "576.00", "method": "nagad", "status": "pending", "created_at": "2025-08-28T09:11:18.111Z", "trx_id": null, "trx_uuid": "daefe4e20f3a4cbd9949d665361ea6e1", "tran_type": "debit"}}, {"model": "core.wallettransaction", "pk": 16, "fields": {"wallet": 1, "merchant": 1, "ip_address": null, "content_type": 21, "object_id": 8, "amount": "20.00", "fee": "2.00", "net_amount": "18.00", "previous_balance": "576.00", "current_balance": "556.00", "method": "nagad", "status": "pending", "created_at": "2025-08-28T09:15:27.136Z", "trx_id": null, "trx_uuid": "ff6af41d8120495daf6f13db39dd59f5", "tran_type": "debit"}}, {"model": "core.wallettransaction", "pk": 17, "fields": {"wallet": 1, "merchant": 1, "ip_address": null, "content_type": 21, "object_id": 9, "amount": "100.00", "fee": "10.00", "net_amount": "90.00", "previous_balance": "556.00", "current_balance": "456.00", "method": "bkash", "status": "pending", "created_at": "2025-08-28T09:16:29.365Z", "trx_id": null, "trx_uuid": "d443f042e1524e909d96a03a1482c122", "tran_type": "debit"}}, {"model": "core.wallettransaction", "pk": 18, "fields": {"wallet": 1, "merchant": 1, "ip_address": null, "content_type": 20, "object_id": 1, "amount": "100.00", "fee": "10.00", "net_amount": "90.00", "previous_balance": "456.00", "current_balance": "356.00", "method": null, "status": "pending", "created_at": "2025-08-28T16:56:21.719Z", "trx_id": null, "trx_uuid": "666d2240234940d4b03f4573b03a42e9", "tran_type": "debit"}}, {"model": "core.wallettransaction", "pk": 19, "fields": {"wallet": 1, "merchant": 1, "ip_address": null, "content_type": 21, "object_id": 10, "amount": "1.00", "fee": "0.05", "net_amount": "0.95", "previous_balance": "356.00", "current_balance": "355.00", "method": "nagad", "status": "pending", "created_at": "2025-09-01T09:53:11.701Z", "trx_id": null, "trx_uuid": "2d18c5537f68407e86bc3f4a0abf83cf", "tran_type": "debit"}}, {"model": "core.wallettransaction", "pk": 20, "fields": {"wallet": 1, "merchant": 1, "ip_address": null, "content_type": 19, "object_id": 37, "amount": "100.00", "fee": "10.00", "net_amount": "90.00", "previous_balance": "355.00", "current_balance": "445.00", "method": "bkash-agent", "status": "success", "created_at": "2025-09-01T11:12:29.298Z", "trx_id": "CHR6UEOSUK", "trx_uuid": "05baa42a5c5740988f17c671a755aff1", "tran_type": "credit"}}, {"model": "core.wallettransaction", "pk": 21, "fields": {"wallet": 1, "merchant": 1, "ip_address": null, "content_type": 20, "object_id": 2, "amount": "50.00", "fee": "0.50", "net_amount": "49.50", "previous_balance": "445.00", "current_balance": "395.00", "method": null, "status": "pending", "created_at": "2025-09-01T11:15:14.082Z", "trx_id": null, "trx_uuid": "0d588bb8ee6747918505b12df698d093", "tran_type": "debit"}}]